customer_id,year,month_name,description,category_parent,category_child,priority,performer_position,work_label,L,label_a,label_b,agreed,consensus
185,2023,Октябрь,нет тепла трехкомнатная квартира только в одной комнате тепло,,Не определена,Срочно,,UNDEFINED,61,Отопление,Отопление,True,Отопление
328,2025,Декабрь,урна предподъездная нет дна,,Не определена,Низкий,Электрогазосварщик,UNDEFINED,27,Уборка уличная,Уборка уличная,True,Уборка уличная
260,2023,Октябрь,"часик не работает
ниче не хочу",,Не определена,Срочно,Мастер,UNDEFINED,30,НЕЯСНО,НЕЯСНО,True,НЕЯСНО
328,2026,Январь,на со слов заявителя на двери выхода на крышу выломали дверь холод заходит в подъезд просят сделать двери закрыть их,,Не определена,Низкий,АДС,UNDEFINED,116,Крыша,Крыша,True,Крыша
185,2024,Октябрь,"значит нам полчаса назад дали тепло
На Кухне И В Спальне Отключили Тепло Почему У Нас Очень Холодно Невозможно Спать Невозможно Ничего Делать",,Не определена,Срочно,,UNDEFINED,141,Отопление,Отопление,True,Отопление
185,2023,Октябрь,"у нас случилось дали тепло у нас его нет
пусть внимательно ремонтируют",,Не определена,Срочно,,UNDEFINED,70,Отопление,Отопление,True,Отопление
185,2024,Октябрь,"завоздушенность
да серра с утра приезжали и посмотрели у них не оказалось ключей от подвала и они уехали ничего не сказал все",,Не определена,Срочно,,UNDEFINED,125,Отопление,Отопление,True,Отопление
260,2026,Январь,необходимо убрать дворовую территорию от снега,,Не определена,Срочно,Мастер ПМК - 35,UNDEFINED,46,Уборка уличная,Уборка уличная,True,Уборка уличная
328,2021,Декабрь,"Нужно  поставит  кран ,на кухне",,Не определена,Средний,Слесарь АДС,UNDEFINED,31,Ремонт,Ремонт,True,Ремонт
185,2024,Февраль,под э так в первом подъезде,,Не определена,Срочно,,UNDEFINED,27,Электроснабжение,НЕЯСНО,False,DISPUTED
328,2025,Октябрь,я хотел нужен че непонятно говорю,,Не определена,Низкий,Диспетчер АДС,UNDEFINED,33,НЕЯСНО,НЕЯСНО,True,НЕЯСНО
328,2024,Август,заявка двадцать девять триста два что с ней,,Не определена,Низкий,Диспетчер АДС,UNDEFINED,43,Иное,НЕЯСНО,False,DISPUTED
185,2023,Ноябрь,случилось то что нет тепла я уже звонила вчера звонила так ничего и нет нет тепла в одной комнате в кухне,,Не определена,Срочно,,UNDEFINED,105,Отопление,Отопление,True,Отопление
260,2026,Февраль,срочно почистить придомовую территорию от снега,,Не определена,Срочно,Мастер ПМК - 35,UNDEFINED,47,Уборка уличная,Уборка уличная,True,Уборка уличная
260,2026,Февраль,расчистить территорию дворова снега и убрать снег с крыши где у подъезда,,Не определена,Срочно,Мастер ПМК - 35,UNDEFINED,72,Уборка уличная,Уборка уличная,True,Уборка уличная
185,2021,Июль,Нанесение повреждений потолочному покрытию сквозное в другую квартиру с повреждением канализационной системы,,Не определена,Срочно,сл.сантехник,UNDEFINED,108,Водоотведение,Водоотведение,True,Водоотведение
328,2025,Октябрь,здравствуйте я бы хотел узнать как мне передать показания счетчика холодной воды и куда это,,Не определена,Низкий,Диспетчер АДС,UNDEFINED,91,ХВС,ХВС,True,ХВС
260,2025,Декабрь,кто то все время какает в подъезде сегодня опять,,Не определена,Срочно,диспетчер,UNDEFINED,48,Уборка внутренняя,Уборка внутренняя,True,Уборка внутренняя
185,2021,Сентябрь,В нашем подъезде есть тепло а у меня в квартире на пятом этаже тепла Нет нужно выпустить воздух в ванной на пятом этаже,,Не определена,Срочно,,UNDEFINED,119,Отопление,Отопление,True,Отопление
185,2022,Сентябрь,"срочно вы меня сейчас зовите соседей в тикет 
 
батареики затопите соседей",,Не определена,Срочно,,UNDEFINED,74,Отопление,Отопление,True,Отопление
328,2024,Октябрь,утечка инвестиционных труп в подвале,,Не определена,Низкий,Диспетчер АДС,UNDEFINED,36,Водоснабжение,Водоснабжение,True,Водоснабжение
185,2021,Сентябрь,В доме было тепло Мы продули сейчас опять тепла нету,,Не определена,Срочно,,UNDEFINED,52,Отопление,Отопление,True,Отопление
260,2026,Март,с крыши упали ледины почти на человека,,Не определена,Срочно,диспетчер,UNDEFINED,38,Крыша,Крыша,True,Крыша
260,2025,Сентябрь,левичева тринадцать левичева пятнадцать левичева семнадцать герцена тринадцать после смены столбов детки api из столбы оставлены просьба убрать мусор,,Не определена,Средний,Мастер ПМК - 35,UNDEFINED,149,Иное,Уборка уличная,False,DISPUTED
185,2023,Август,"затопило
это не по заявке то срочно приехать",,Не определена,Срочно,,UNDEFINED,44,Иное,Водоотведение,False,DISPUTED
185,2024,Январь,так вот нам приходят письма мы живем на втором этаже дом двухэтажный чтобы мы сняли козырек,,Не определена,Срочно,,UNDEFINED,91,Иное,Иное,True,Иное
185,2025,Июнь,на девятом этаже закрыт вход на крышу там упала птица попала птица ей никак не выбраться уже второй день она там кричит бессильно необходима помощь скрыть замок и выпустить птицу,,Не определена,Срочно,,UNDEFINED,178,Иное,Крыша,False,DISPUTED
185,2021,Август,Не с оператором связаться с ним пообщаться,,Не определена,Срочно,,UNDEFINED,42,НЕЯСНО,НЕЯСНО,True,НЕЯСНО
260,2026,Январь,"не убран снег
срочно убрать снег",,Не определена,Срочно,Мастер ПМК - 35,UNDEFINED,32,Уборка уличная,Уборка уличная,True,Уборка уличная
328,2025,Июль,помойку не убирают потому что видите ли контейнер сломан она уже три недели здесь тухнет вонище стоит неимоверное черви уже ползают крысы развелись табунами ходят вы ждете чтобы я позвонила губернатору в конце то концов когда это закончится они говорят контейнеров нет,,Не определена,Низкий,Мастер участка,UNDEFINED,268,Уборка уличная,Уборка уличная,True,Уборка уличная
185,2022,Сентябрь,что случилось ты планет со вчерашнего дня я вам ещё раз говорю,,Не определена,Срочно,,UNDEFINED,62,НЕЯСНО,НЕЯСНО,True,НЕЯСНО
185,2022,Сентябрь,нет тепла ванны маленькая комнате на кухне,,Не определена,Срочно,,UNDEFINED,42,Отопление,Отопление,True,Отопление
185,2023,Май,а вот у нас случилось было это самое полилось мы звони не это слышать вас,,Не определена,Срочно,,UNDEFINED,73,Водоснабжение,НЕЯСНО,False,DISPUTED
185,2022,Август,"в квартире этажом ниже получается 
 жизнь",,Не определена,Срочно,,UNDEFINED,41,НЕЯСНО,НЕЯСНО,True,НЕЯСНО
328,2023,Октябрь,"ну я уже как бы оставляла заявку мне сказали ее номер девятнадцать тысяч восемьсот тридцать один я хотела бы выяснить придут ли сегодня налаживать тепло
да хочу добавить номер телефона",,Не определена,Низкий,Диспетчер АДС,UNDEFINED,184,Отопление,Отопление,True,Отопление
328,2022,Ноябрь,Ремонт придомовой территории (ямочный ремонт),,Не определена,Средний,диспетчер АДС,UNDEFINED,45,Ремонт,Ремонт,True,Ремонт
328,2023,Октябрь,я сегодня уже два раза оставляла заявку сколько еще треде будем оставлять,,Не определена,Низкий,Диспетчер АДС,UNDEFINED,73,НЕЯСНО,НЕЯСНО,True,НЕЯСНО
260,2026,Март,Можайского . 19 - 2    .у нас затоплен теплоузел,,Не определена,Срочно,Мастер,UNDEFINED,48,Отопление,Отопление,True,Отопление
260,2026,Февраль,уборка снега не производится во дворе,,Не определена,Срочно,Мастер ПМК - 35,UNDEFINED,37,Уборка уличная,Уборка уличная,True,Уборка уличная
328,2024,Январь,я с кем разговариваю с роботом или с человеком,,Не определена,Низкий,Диспетчер АДС,UNDEFINED,46,НЕЯСНО,НЕЯСНО,True,НЕЯСНО
260,2025,Август,"натечка кровли
хочу с человеком поговорить",,Не определена,Срочно,Мастер,UNDEFINED,42,Крыша,Крыша,True,Крыша
260,2025,Январь,в вентиляционный блок выпал из стены,,Не определена,Срочно,Трубочист,UNDEFINED,36,Вентиляция,Вентиляция,True,Вентиляция
185,2024,Апрель,"в подъезде гудит
гудит очень сильно и долго гудит",,Не определена,Срочно,,UNDEFINED,49,Вентиляция,НЕЯСНО,False,DISPUTED
328,2025,Июль,"передать показания счетчика
показания счетчика",,Не определена,Низкий,Диспетчер АДС,UNDEFINED,46,Водоснабжение,Иное,False,DISPUTED
260,2024,Декабрь,у кого конкретно я могу уточнить по общедомовому прибору по насосу который у нас в ремонте с кем мне можно связаться,,Не определена,Срочно,Мастер,UNDEFINED,116,Иное,НЕЯСНО,False,DISPUTED
260,2026,Март,Топливный 10- срочно снять глыбу льда с крыши нет дома света,,Не определена,Средний,Мастер,UNDEFINED,60,Крыша,Крыша,True,Крыша
185,2021,Сентябрь,Нету парового в трёхкомнатной квартире,,Не определена,Срочно,,UNDEFINED,38,Отопление,Отопление,True,Отопление
328,2024,Сентябрь,"связь с оператором
связь с оператором",,Не определена,Низкий,Диспетчер АДС,UNDEFINED,37,НЕЯСНО,НЕЯСНО,True,НЕЯСНО
185,2023,Август,"в подъезде
в подъезде",,Не определена,Срочно,,UNDEFINED,21,НЕЯСНО,НЕЯСНО,True,НЕЯСНО
328,2024,Июнь,в подвале течет струк говно три недели уже залит подвал дышать нечем сколько это будет продолжаться,,Не определена,Низкий,Слесарь АДС,UNDEFINED,99,Водоотведение,Засор водоотведения,False,DISPUTED
260,2024,Ноябрь,мне нужен заявку на техника который пришел бы измерил температуру воздуха в квартире,,Не определена,Срочно,Старший техник,UNDEFINED,84,Отопление,Отопление,True,Отопление
328,2024,Сентябрь,у нас протекает крыша и обвалился потолок вчера приезжали плотники закрывать там толью забивать крышу наполовину сделали и все,,Не определена,Низкий,диспетчер АДС,UNDEFINED,126,Крыша,Крыша,True,Крыша
185,2025,Январь,нависает снег с крыши,,Не определена,Срочно,,UNDEFINED,21,Крыша,Крыша,True,Крыша
260,2023,Сентябрь,трубы которые блок видимо тепловой узел гудят,,Не определена,Срочно,Бригадир,UNDEFINED,45,Отопление,Отопление,True,Отопление
185,2021,Ноябрь,Замена трубки сливного бачка,,Не определена,Срочно,,UNDEFINED,28,Водоотведение,Ремонт,False,DISPUTED
260,2025,Сентябрь,между вторым и третьим подъездом из подвала идет пар,,Не определена,Срочно,Мастер,UNDEFINED,52,Отопление,Отопление,True,Отопление
185,2022,Ноябрь,у нас на этаже нашем третьем подъезде на четвертом этаже стало быть и открыто фрамуг ну холод идёт и никто не соизволит столько времени закрыть представляет а я женщина уже пожилая я не могу у меня сил нет и вот я бы хотела попросить вас чтобы вы кого то послали чтобы,,Не определена,Срочно,,UNDEFINED,268,Иное,Ремонт,False,DISPUTED
260,2025,Июнь,"оператора мне включите пожалуйста
мне нужен оператор соедините пожалуйста не хочу разговаривать с автоответчиком",,Не определена,Срочно,Диспетчер,UNDEFINED,112,НЕЯСНО,НЕЯСНО,True,НЕЯСНО
185,2024,Апрель,до сих пор нету этот линии,,Не определена,Срочно,,UNDEFINED,26,Электроснабжение,НЕЯСНО,False,DISPUTED
185,2023,Март,"бумажников два козырёк оторвался на доме железово болтается оторвётся кому на голову
хочу чтобы побыстрее отремонтировали то оторвётся кому нибудь голову оторвёт козырёк этот",,Не определена,Срочно,,UNDEFINED,174,Ремонт,Ремонт,True,Ремонт
260,2026,Февраль,в подвале прорвала трубу,,Не определена,Средний,Мастер,UNDEFINED,24,Водоснабжение,Водоснабжение,True,Водоснабжение
328,2026,Январь,скажите вашему директору наталье леонове если будет установи канал,,Не определена,Низкий,АДС,UNDEFINED,66,Иное,НЕЯСНО,False,DISPUTED
328,2024,Октябрь,я бы хотела передать показания по горячей воде,,Не определена,Низкий,Диспетчер АДС,UNDEFINED,46,ГВС,ГВС,True,ГВС
185,2024,Май,просьба отключить тепло,,Не определена,Срочно,,UNDEFINED,23,Отопление,Отопление,True,Отопление
185,2021,Декабрь,Ремонт домофона необходимо,,Не определена,Срочно,,UNDEFINED,26,Домофоны,Домофоны,True,Домофоны
328,2024,Октябрь,отсутствует теплоснабжения,,Не определена,Низкий,Диспетчер АДС,UNDEFINED,26,Отопление,Отопление,True,Отопление
185,2021,Июнь,У нас случилась дерево упало,,Не определена,Срочно,,UNDEFINED,28,Иное,Иное,True,Иное
185,2023,Октябрь,я давала заявку у нас в кухне и в бане нет тепла в кухне ненадолго дали тепло и исчезла опять тепло опять нет тепла,,Не определена,Срочно,,UNDEFINED,115,Отопление,Отопление,True,Отопление
185,2021,Июль,Отключено и Свистунов меня,,Не определена,Срочно,,UNDEFINED,26,НЕЯСНО,НЕЯСНО,True,НЕЯСНО
537,2024,Сентябрь,в первом подъезде на четвертом этаже нужно восстановить,,Не определена,Срочно,мастер,UNDEFINED,55,Ремонт,НЕЯСНО,False,DISPUTED
185,2025,Сентябрь,в пятницу проверяли дымоходы человека у меня значит забито дымоход забит хотелось бы чтобы прочистили его чтобы муж было пользоваться колонкой,,Не определена,Срочно,,UNDEFINED,142,Вентиляция,Вентиляция,True,Вентиляция
328,2026,Март,"мне нужен телефон
выписки и прописки",,Не определена,Низкий,Диспетчер АДС,UNDEFINED,36,Иное,Иное,True,Иное
185,2023,Декабрь,хотела у нас холодное полотенце сушитель после вчерашнего ремонта что то делали сотрудники ваши,,Не определена,Срочно,,UNDEFINED,95,ГВС,ХВС,False,DISPUTED
185,2021,Декабрь,Авария конденсат идёт с окна капает,,Не определена,Срочно,,UNDEFINED,35,Иное,НЕЯСНО,False,DISPUTED
185,2025,Сентябрь,тепло в подъезде есть а в квартирах нет,,Не определена,Срочно,,UNDEFINED,39,Отопление,Отопление,True,Отопление
260,2024,Июнь,подкачивающий водяной насос в подвале,,Не определена,Срочно,Мастер,UNDEFINED,37,Водоснабжение,Водоснабжение,True,Водоснабжение
260,2023,Декабрь,"да
леонидовна то нету на месте она бы сказала что делать то",,Не определена,Средний,Мастер,UNDEFINED,59,НЕЯСНО,НЕЯСНО,True,НЕЯСНО
328,2025,Апрель,"сведения передать на
пока нет",,Не определена,Низкий,Диспетчер АДС,UNDEFINED,29,НЕЯСНО,НЕЯСНО,True,НЕЯСНО
185,2023,Апрель,"дом четыре квартира два
что",,Не определена,Срочно,,UNDEFINED,27,НЕЯСНО,НЕЯСНО,True,НЕЯСНО
185,2023,Октябрь,у нас ничего не случилось у нас семнадцатое число сегодня и у нас нет пара,,Не определена,Срочно,,UNDEFINED,74,ГВС,Отопление,False,DISPUTED
260,2024,Декабрь,тоже невозможно дышать нечем я задыхаю все вопросы звонила сейчас в департамент все вопросы на на конскую шесть звонила тоже все вопросы коммунальщик работает с этим вопросом задушили не,,Не определена,Срочно,Диспетчер,UNDEFINED,186,Вентиляция,Вентиляция,True,Вентиляция
328,2025,Октябрь,у нас секции до сих пор нету тепла,,Не определена,Низкий,диспетчер АДС,UNDEFINED,34,Отопление,Отопление,True,Отопление
328,2025,Ноябрь,сегодня должны были прийти мастера в двенадцать часов дня мастеров не было,,Не определена,Низкий,Диспетчер АДС,UNDEFINED,74,Иное,НЕЯСНО,False,DISPUTED
185,2021,Сентябрь,У нас нет Типа до сих пор,,Не определена,Срочно,,UNDEFINED,25,Отопление,НЕЯСНО,False,DISPUTED
185,2024,Апрель,на проезжей части по улице калинина напротив бара садко открытка  люк,,Не определена,Срочно,,UNDEFINED,69,Иное,Иное,True,Иное
260,2026,Январь,козырек это самое на квартире номер один скоро упадет можно его сделать,,Не определена,Средний,Старший техник,UNDEFINED,71,Ремонт,Ремонт,True,Ремонт
185,2024,Октябрь,на первом на первом этаже шумит электрический ящик,,Не определена,Срочно,,UNDEFINED,50,Электроснабжение,Электроснабжение,True,Электроснабжение
185,2023,Октябрь,у нас нужно проверить цвет розетку,,Не определена,Срочно,,UNDEFINED,34,Электроснабжение,Электроснабжение,True,Электроснабжение
328,2025,Декабрь,проблема с сантехникой,,Не определена,Низкий,Диспетчер АДС,UNDEFINED,22,Водоснабжение,Водоснабжение,True,Водоснабжение
260,2025,Апрель,вот ночью вот на дворе это надо спать ложиться а посредине квартиры очень шумно они подтянули все по насреддину от от ванны и на балкон на балкон в общем,,Не определена,Срочно,Мастер,UNDEFINED,153,Иное,НЕЯСНО,False,DISPUTED
260,2025,Август,"надо убрать контейнер мусорный
перезвоните на мой номер телефона",,Не определена,Срочно,Техник,UNDEFINED,64,Уборка уличная,Иное,False,DISPUTED
328,2026,Январь,"протекает
уже миллион раз было",,Не определена,Низкий,АДС,UNDEFINED,30,Водоснабжение,НЕЯСНО,False,DISPUTED
185,2022,Декабрь,я звонила делала заявку но это у нас внутренняя там авария я отменяю заказ,,Не определена,Срочно,,UNDEFINED,74,Иное,НЕЯСНО,False,DISPUTED
88,2024,Июль,у меня от вас пропущенный звонок,,Не определена,Срочно,офис-менеджер,UNDEFINED,32,НЕЯСНО,НЕЯСНО,True,НЕЯСНО
328,2024,Февраль,почистить надо возле магазина олега,,Не определена,Низкий,Диспетчер АДС,UNDEFINED,35,Уборка уличная,Уборка уличная,True,Уборка уличная
185,2025,Май,у нас крыша крыша еще,,Не определена,Срочно,,UNDEFINED,21,Крыша,Крыша,True,Крыша
328,2024,Октябрь,"счет стояк
да вы че это вчера",,Не определена,Низкий,Диспетчер АДС,UNDEFINED,29,НЕЯСНО,НЕЯСНО,True,НЕЯСНО
260,2025,Сентябрь,ну илье иди посмотри,,Не определена,Срочно,диспетчер,UNDEFINED,20,НЕЯСНО,НЕЯСНО,True,НЕЯСНО
185,2022,Август,"так у меня уже вчера вызывала 
 
да приходили но сказали надо гибкую это подвязку и до пятидесяти и две дойти я купила пусть приходят тогда",,Не определена,Срочно,,UNDEFINED,139,Водоснабжение,НЕЯСНО,False,DISPUTED
185,2024,Февраль,так дворы нечищенные невозможно ходить даже скоро проехать не может ни такси ни скоро ничего не вызвать,,Не определена,Срочно,,UNDEFINED,103,Уборка уличная,Уборка уличная,True,Уборка уличная
328,2024,Ноябрь,у меня газ не работает хотел,,Не определена,Низкий,Плотник,UNDEFINED,28,Иное,Иное,True,Иное
185,2023,Июль,у нас во дворе около подъезда проваливается асфальт или там что то,,Не определена,Срочно,,UNDEFINED,66,Иное,Иное,True,Иное
185,2024,Октябрь,ни в одной комнате нет затопления хотя дом уже вроде подключили,,Не определена,Срочно,,UNDEFINED,63,Отопление,Отопление,True,Отопление
260,2024,Январь,4 эт. нет давления воды,,Не определена,Средний,Главный инженер,UNDEFINED,23,Водоснабжение,Водоснабжение,True,Водоснабжение
260,2025,Февраль,"капа от крыша
пускай перезвонит",,Не определена,Срочно,Диспетчер,UNDEFINED,31,Крыша,Крыша,True,Крыша
260,2026,Март,у нас подъезде течет с кровли кв. 85 и 83,,Не определена,Срочно,Мастер,UNDEFINED,41,Крыша,Крыша,True,Крыша
185,2024,Март,стиральная машина вышла из строя,,Не определена,Срочно,,UNDEFINED,32,Иное,Иное,True,Иное
185,2021,Сентябрь,У нас нет тепла говорят везде есть моей квартире нет тепла уже как-то очень влажно холодно,,Не определена,Срочно,,UNDEFINED,90,Отопление,Отопление,True,Отопление
185,2022,Август,"цвета 
 пока нет жду ответа на этот вопрос",,Не определена,Срочно,,UNDEFINED,42,НЕЯСНО,НЕЯСНО,True,НЕЯСНО
185,2022,Декабрь,"значит по адресу улица советов четыре двадцать два а пять протечка с чердака
потолок в пузыре",,Не определена,Срочно,,UNDEFINED,93,Крыша,Крыша,True,Крыша
88,2025,Декабрь,у меня ванная получается стена прилегает к,,Не определена,Срочно,слесарь-сантехник,UNDEFINED,42,Иное,НЕЯСНО,False,DISPUTED
185,2024,Октябрь,"у нас нет тепла
хотим узнать подключен ли вообще наш дом",,Не определена,Срочно,,UNDEFINED,56,Отопление,Отопление,True,Отопление
260,2025,Сентябрь,до сих пор нет тепла во всем доме,,Не определена,Срочно,диспетчер,UNDEFINED,33,Отопление,Отопление,True,Отопление
185,2022,Сентябрь,"стенка сырая 
 
даша приехала аварийная служба посмотрела зафиксировалась в сырую стену около розетки",,Не определена,Срочно,,UNDEFINED,101,Иное,Ремонт,False,DISPUTED
185,2025,Сентябрь,вот дали тепло а у нас в комнатах тепла нет только на кухне и ванной,,Не определена,Срочно,,UNDEFINED,68,Отопление,Отопление,True,Отопление
185,2022,Ноябрь,"вы понимаете вчера вызывали аварийную
из банной холодный уходила на работу вчера приезжали заявка была сделана приезжали",,Не определена,Срочно,,UNDEFINED,120,ХВС,ГВС,False,DISPUTED
328,2025,Октябрь,не работает в подъезде обогреватель// 2 под,,Не определена,Низкий,Электрик,UNDEFINED,43,Электроснабжение,Отопление,False,DISPUTED
260,2025,Апрель,у нее нет уборки подъезда второй месяц,,Не определена,Срочно,Мастер,UNDEFINED,38,Уборка внутренняя,Уборка внутренняя,True,Уборка внутренняя
185,2023,Октябрь,так вот я сделала заявку а когда подключат в комнатах тепло у нас на пятом этаже никто не живет,,Не определена,Срочно,,UNDEFINED,95,Отопление,Отопление,True,Отопление
328,2024,Январь,я хочу узнать прочищенная или дорога к этому дому,,Не определена,Низкий,Диспетчер АДС,UNDEFINED,49,Уборка уличная,НЕЯСНО,False,DISPUTED
185,2024,Октябрь,прорвала трубу затапливает первый и второй этаж,,Не определена,Срочно,,UNDEFINED,47,Водоснабжение,Водоснабжение,True,Водоснабжение
185,2024,Март,город кондопога улица максима горького дом двадцать шесть квартира три,,Не определена,Срочно,,UNDEFINED,70,НЕЯСНО,НЕЯСНО,True,НЕЯСНО
185,2022,Сентябрь,мне это пеня в комнате,,Не определена,Срочно,,UNDEFINED,22,Отопление,НЕЯСНО,False,DISPUTED
185,2024,Октябрь,мы приехали домой нам нужно пропустить воздух сиря пусть подойдут,,Не определена,Срочно,,UNDEFINED,65,Отопление,Вентиляция,False,DISPUTED
537,2026,Май,"не работают розетки
можно будет подойти завтра в течение дня
Диспетчер - Направила в техотдел, заявка платная.",,Не определена,Срочно,Инспектор по контролю за тех.состоянием,UNDEFINED,110,Электроснабжение,Электроснабжение,True,Электроснабжение
185,2022,Август,"у нас 
 
больше ничего",,Не определена,Срочно,,UNDEFINED,22,НЕЯСНО,НЕЯСНО,True,НЕЯСНО
328,2024,Октябрь,хотим подключиться к теплу,,Не определена,Низкий,Диспетчер АДС,UNDEFINED,26,Отопление,Отопление,True,Отопление
260,2026,Март,составить акт протечки с крыши,,Не определена,Срочно,Техник,UNDEFINED,30,Крыша,Крыша,True,Крыша
185,2023,Январь,"третий подъезд
в подъезде",,Не определена,Срочно,,UNDEFINED,25,НЕЯСНО,НЕЯСНО,True,НЕЯСНО
185,2024,Декабрь,опять гудит стоят все сильнее сильнее,,Не определена,Срочно,,UNDEFINED,37,Иное,НЕЯСНО,False,DISPUTED
185,2023,Июль,течь в подъезде из под крыши,,Не определена,Срочно,,UNDEFINED,28,Крыша,Крыша,True,Крыша
185,2025,Сентябрь,"забито
да быстро вычистить",,Не определена,Срочно,,UNDEFINED,26,Засор водоотведения,НЕЯСНО,False,DISPUTED
260,2024,Сентябрь,"нет тепла
а че больше то добавить нет теплатак",,Не определена,Срочно,мастер,UNDEFINED,46,Отопление,Отопление,True,Отопление
185,2021,Декабрь,Полностью забит мусоропровод в третьем подъезде,,Не определена,Срочно,,UNDEFINED,47,Иное,Иное,True,Иное
185,2024,Февраль,"сбой напряжения в электросети
что вы пришли сегодня",,Не определена,Срочно,,UNDEFINED,51,Электроснабжение,Электроснабжение,True,Электроснабжение
185,2021,Ноябрь,Розетки в комнате не работают,,Не определена,Срочно,эл.монтер,UNDEFINED,29,Электроснабжение,Электроснабжение,True,Электроснабжение
260,2025,Сентябрь,когда будет тепло два дня подключали один стояк только греет,,Не определена,Срочно,Мастер,UNDEFINED,60,Отопление,Отопление,True,Отопление
185,2025,Май,у нас в подъезде дикая вонь и очень много этих,,Не определена,Срочно,,UNDEFINED,46,Водоотведение,Водоотведение,True,Водоотведение
328,2024,Февраль,сегодня ничего не случилось я насчет вчерашнего я хочу пожал жалобу,,Не определена,Низкий,Диспетчер АДС,UNDEFINED,67,НЕЯСНО,НЕЯСНО,True,НЕЯСНО
185,2021,Май,Отключили и не включили,,Не определена,Срочно,,UNDEFINED,23,Электроснабжение,НЕЯСНО,False,DISPUTED
185,2022,Сентябрь,"да 
 
во сколько не приедут вот хочу узнать
Шашкова Вера Николаевна Я Только Сейчас Вам Это Говорила Девушка",,Не определена,Срочно,,UNDEFINED,108,НЕЯСНО,НЕЯСНО,True,НЕЯСНО
260,2023,Сентябрь,"нет тепла
хочу уточнить сроки",,Не определена,Срочно,Мастер,UNDEFINED,29,Отопление,Отопление,True,Отопление
185,2024,Октябрь,нет тепла нет тепла ни в одной комнате заявка по тепло,,Не определена,Срочно,,UNDEFINED,54,Отопление,Отопление,True,Отопление
260,2024,Октябрь,закройте люк на чердак в первом подъезде,,Не определена,Срочно,Мастер,UNDEFINED,40,Иное,Крыша,False,DISPUTED
260,2025,Декабрь,"балконом главное под балконом включили вообще не спать невозможно и холод
Попрошу Вас Попросит Скажите Чтобы Отключили Холодную Воду Кругон Под Балкон Невозможно Находиться В Квартире Когда Включат Эту Воду",,Не определена,Средний,диспетчер,UNDEFINED,206,Иное,ХВС,False,DISPUTED
328,2025,Март,"расчисти снег
простите нет хорошо во дворе",,Не определена,Низкий,Мастер,UNDEFINED,42,Уборка уличная,Уборка уличная,True,Уборка уличная
185,2021,Март,Нету тепла в кухне и в ванне,,Не определена,Срочно,сл.сантехник,UNDEFINED,28,Отопление,Отопление,True,Отопление
185,2021,Июнь,Да вы знаете отводного от водяного счётчика в туалете отвалились проводочки,,Не определена,Срочно,,UNDEFINED,75,Водоснабжение,ХВС,False,DISPUTED
185,2024,Март,в тамбуре нужно наладить цвет,,Не определена,Срочно,,UNDEFINED,29,Иное,Электроснабжение,False,DISPUTED
328,2023,Март,я ничего не слышал надо передать показания счётчиков горячую и холодную,,Не определена,Низкий,Диспетчер АДС,UNDEFINED,71,Иное,Иное,True,Иное
185,2023,Октябрь,в квартире нет тепла,,Не определена,Срочно,,UNDEFINED,20,Отопление,Отопление,True,Отопление
328,2025,Февраль,мне нужно побелить в коридоре после пожара до сих пор они до ума не довели они приехали во вторник недоделки сделали а в коридоре у меня не не побелили это что за хрень такая пусть диспетчер позвонит по этому телефону,,Не определена,Низкий,Диспетчер АДС,UNDEFINED,217,Ремонт,Ремонт,True,Ремонт
260,2024,Июнь,у нас уже коза козырька капля пятая также,,Не определена,Срочно,Мастер,UNDEFINED,41,НЕЯСНО,НЕЯСНО,True,НЕЯСНО
260,2023,Ноябрь,"так мы хотели бы узнать насчет мусорных контейнеров на каком основании с тридцать седьмого признали контейнеры и сейчас люди из этого же дома носят нам мусор свой     Направлено письмо в  Департамент городского хозяйства,",,Не определена,Срочно,Начальник ПТО,UNDEFINED,221,Иное,Иное,True,Иное
185,2021,Октябрь,2 подъезд слив не работает,,Не определена,Срочно,,UNDEFINED,26,Водоотведение,Засор водоотведения,False,DISPUTED
260,2024,Январь,нашла очистить двор на воркутинской пятнадцать а,,Не определена,Средний,Мастер ПМК - 35,UNDEFINED,48,Уборка уличная,Уборка уличная,True,Уборка уличная
260,2023,Декабрь,нужно почистить двор от снега,,Не определена,Срочно,Мастер ПМК - 35,UNDEFINED,29,Уборка уличная,Уборка уличная,True,Уборка уличная
328,2025,Октябрь,"у меня отсутствует тепло
а что еще я могу добавить у меня нет тепла когда включат",,Не определена,Низкий,Диспетчер АДС,UNDEFINED,81,Отопление,Отопление,True,Отопление
260,2026,Январь,убрать дворовую территорию герцена сто девять герцена сто пять трактора,,Не определена,Срочно,Мастер ПМК - 35,UNDEFINED,71,Уборка уличная,Уборка уличная,True,Уборка уличная
185,2021,Сентябрь,Протечка с крыши над комнатой с люстрой пошла вода,,Не определена,Срочно,,UNDEFINED,50,Крыша,Крыша,True,Крыша
328,2026,Апрель,мне нужен специалист,,Не определена,Низкий,Диспетчер АДС,UNDEFINED,20,НЕЯСНО,НЕЯСНО,True,НЕЯСНО
260,2025,Май,"чего случилось то что они вообще не знаю как ночевать сегодня весь день вообще такой саф такой страсти не было весь день буха отвез под балконом и вообще вся квартира ходом ходит так я прошу отключите
Я Не Знаю Подключили Всю Систему Подключили Общему Квадрату Нигде Нигде Спасения Нигде Нету",,Не определена,Срочно,Мастер,UNDEFINED,292,Отопление,НЕЯСНО,False,DISPUTED
185,2023,Май,"у нас когда отключают тепло
возможно не помыться не пошел не помыть ничего",,Не определена,Срочно,,UNDEFINED,74,Отопление,Отопление,True,Отопление
260,2024,Март,затоп со второго этажа на первый,,Не определена,Срочно,Мастер,UNDEFINED,32,Водоотведение,Ремонт,False,DISPUTED
260,2026,Февраль,у нас на доме очень большие сосульки висят со стороны подъезда и со стороны магазина уже начали падать боимся,,Не определена,Срочно,Мастер,UNDEFINED,109,Крыша,Крыша,True,Крыша
185,2023,Октябрь,"у меня нет тепла
в кухне и ванне нет",,Не определена,Срочно,,UNDEFINED,36,Отопление,Отопление,True,Отопление
185,2021,Сентябрь,Почему не выключается оплату Никитиной,,Не определена,Срочно,,UNDEFINED,38,Иное,НЕЯСНО,False,DISPUTED
185,2021,Июнь,Что меня ничего не случилось так воду отключили горячую и я до сих пор у меня нету я не знаю на есть или нету я второй раз уже вам звоню а,,Не определена,Срочно,,UNDEFINED,138,ГВС,ГВС,True,ГВС
328,2024,Октябрь,нужно показания передать,,Не определена,Низкий,Диспетчер АДС,UNDEFINED,24,Иное,Иное,True,Иное
185,2021,Апрель,Меня ничего не случилась была проверка горга заметка чтоб к вам позвонить чтобы пришли проверили дымоход колонки,,Не определена,Срочно,,UNDEFINED,112,Вентиляция,Вентиляция,True,Вентиляция
260,2024,Январь,"соедините с оператором Перезвонили
да соедините с оператором",,Не определена,Срочно,Мастер,UNDEFINED,60,НЕЯСНО,НЕЯСНО,True,НЕЯСНО
260,2026,Январь,"оператора хочу
оператора хочу",,Не определена,Средний,диспетчер,UNDEFINED,29,НЕЯСНО,НЕЯСНО,True,НЕЯСНО
185,2023,Январь,я говорю я хочу спросить мп жкх работает ли сегодня,,Не определена,Срочно,,UNDEFINED,51,Иное,НЕЯСНО,False,DISPUTED
88,2024,Декабрь,мне нужен пропуск на на автомобиль чтобы пропускали к подъезду,,Не определена,Срочно,офис-менеджер,UNDEFINED,62,Иное,Иное,True,Иное
328,2025,Ноябрь,мне надо выяснить по поводу вторичного значит начисления за,,Не определена,Низкий,Диспетчер АДС,UNDEFINED,59,Иное,НЕЯСНО,False,DISPUTED
185,2023,Октябрь,у меня плохо вытекает подавали,,Не определена,Срочно,,UNDEFINED,30,Водоснабжение,Засор водоотведения,False,DISPUTED
328,2024,Ноябрь,в подъезде в квартире очень пахнет фикалиями скорее всего в подвале какая то протечка подвал закрыт на замок поэтому нужно приехать и открыть посмотреть и при необходимости все там откачать,,Не определена,Низкий,Слесарь АДС,UNDEFINED,189,Водоотведение,Водоотведение,True,Водоотведение
328,2025,Январь,когда очистят наш двор и сосульки уберутся сольки скоро упадут на голову кому нибудь,,Не определена,Низкий,Диспетчер АДС,UNDEFINED,84,Уборка уличная,Уборка уличная,True,Уборка уличная
328,2026,Май,во двор приехали убирать мусор развернулись и уехали,,Не определена,Низкий,Диспетчер АДС,UNDEFINED,52,Уборка уличная,Уборка уличная,True,Уборка уличная
185,2024,Сентябрь,ничего не случилось я просто вам звонила хотела узнать а вы мне заявку я снимаю заявку эту,,Не определена,Срочно,,UNDEFINED,90,Иное,НЕЯСНО,False,DISPUTED
328,2025,Октябрь,"септик почистить
а хочу вот то что мы уже звонили но не приехали хотим чтобы приехали к нам срочно",,Не определена,Низкий,диспетчер АДС,UNDEFINED,98,Засор водоотведения,Водоотведение,False,DISPUTED
185,2022,Апрель,Около подъезда застрял кот,,Не определена,Срочно,,UNDEFINED,26,Иное,Иное,True,Иное
185,2025,Сентябрь,у нас до сих пор нет тепла во всех окружающих домах тепло в нашем доме все еще нет занят займ,,Не определена,Срочно,,UNDEFINED,93,Отопление,Отопление,True,Отопление
328,2024,Декабрь,да показания холодной воды ой горячей воды,,Не определена,Срочно,Диспетчер АДС,UNDEFINED,42,ГВС,ГВС,True,ГВС
185,2024,Январь,коронка на молоташе она не размораживается совсем,,Не определена,Срочно,,UNDEFINED,49,НЕЯСНО,Отопление,False,DISPUTED
185,2021,Сентябрь,Случилась та что пусть отвечает Оставьте не ответит оператор,,Не определена,Срочно,,UNDEFINED,60,НЕЯСНО,НЕЯСНО,True,НЕЯСНО
260,2024,Январь,все нормально все сделали я говорю спасибо вам,,Не определена,Срочно,Мастер,UNDEFINED,46,НЕЯСНО,НЕЯСНО,True,НЕЯСНО
260,2024,Ноябрь,в подвале сама трубу прорвала горячую,,Не определена,Срочно,Главный инженер,UNDEFINED,37,ГВС,ГВС,True,ГВС
185,2023,Октябрь,не моется лиски не можется подъезжать,,Не определена,Срочно,,UNDEFINED,37,НЕЯСНО,НЕЯСНО,True,НЕЯСНО
260,2025,Май,проверить стояк канализации,,Не определена,Средний,Мастер,UNDEFINED,27,Водоотведение,Водоотведение,True,Водоотведение
328,2026,Май,мне нужно попасть в подвал,,Не определена,Низкий,Мастер участка,UNDEFINED,26,Иное,Иное,True,Иное
260,2023,Декабрь,"завтра придут устанавливать жилсервис водосчетчики необходимо перекрыть стояк Услуга платная,",,Не определена,Срочно,Мастер,UNDEFINED,93,Водоснабжение,ХВС,False,DISPUTED
185,2024,Май,"у нас истечет
я хочу соедините меня с оператором",,Не определена,Срочно,,UNDEFINED,48,НЕЯСНО,НЕЯСНО,True,НЕЯСНО
260,2024,Февраль,меня вот меня меня меня затопило она меня меня затопила какая то черта черная какая то лужа под под раковиной,,Не определена,Срочно,Мастер,UNDEFINED,109,Водоснабжение,Засор водоотведения,False,DISPUTED
185,2021,Февраль,Да сверху там не знаю Я живу на первом этаже от сверху второй этаж меня,,Не определена,Срочно,сл.сантехник,UNDEFINED,71,НЕЯСНО,НЕЯСНО,True,НЕЯСНО
185,2025,Сентябрь,течь входного вентеля,,Не определена,Срочно,,UNDEFINED,21,Водоснабжение,ХВС,False,DISPUTED
328,2023,Март,узнать почему горячей воды нет,,Не определена,Низкий,Диспетчер АДС,UNDEFINED,30,ГВС,ГВС,True,ГВС
260,2026,Апрель,"света у нас нет
да нет ниче не хочу",,Не определена,Срочно,диспетчер,UNDEFINED,35,Электроснабжение,Электроснабжение,True,Электроснабжение
260,2025,Сентябрь,"как отключить тупого робота
программу",,Не определена,Срочно,Мастер,UNDEFINED,37,НЕЯСНО,НЕЯСНО,True,НЕЯСНО
328,2025,Май,мне надо мне заказать машину для выкачки ямы,,Не определена,Низкий,Диспетчер АДС,UNDEFINED,44,Засор водоотведения,Водоотведение,False,DISPUTED
260,2025,Май,у нас очень нехороший запах три дня уже в подъезде,,Не определена,Срочно,мастер,UNDEFINED,50,Водоотведение,Вентиляция,False,DISPUTED
260,2026,Апрель,заявка некорректно оформлена,,Не определена,Срочно,диспетчер,UNDEFINED,28,НЕЯСНО,НЕЯСНО,True,НЕЯСНО
260,2024,Октябрь,во второй нет мы уже столько сожгли этой энергии,,Не определена,Срочно,Мастер,UNDEFINED,48,Отопление,НЕЯСНО,False,DISPUTED
328,2024,Октябрь,номер специалиста какой нибудь дать можете,,Не определена,Низкий,Диспетчер АДС,UNDEFINED,42,Иное,НЕЯСНО,False,DISPUTED
260,2023,Сентябрь,соседи кто то сверху,,Не определена,Срочно,Мастер,UNDEFINED,20,Иное,НЕЯСНО,False,DISPUTED
185,2023,Август,не работает электроплита на кухне чайник не включается микроволновка не работает видимо вот эта розетка не работает на кухне,,Не определена,Срочно,,UNDEFINED,124,Электроснабжение,Электроснабжение,True,Электроснабжение
328,2023,Октябрь,После циклона сорвало рубероид на крыше   веранды и шифер на крыше,,Не определена,Низкий,Мастер,UNDEFINED,66,Крыша,Крыша,True,Крыша
185,2024,Октябрь,когда будет тепло в нашем доме мы уже вообще замерзли,,Не определена,Срочно,,UNDEFINED,53,Отопление,Отопление,True,Отопление
260,2024,Декабрь,мне хотелось бы чтобы нам поставили поручные на лестницу входа в подъезд,,Не определена,Срочно,Старший техник,UNDEFINED,72,Ремонт,Ремонт,True,Ремонт
328,2026,Январь,спасибо вашему жеку и низкий потом всем сотрудникам за вашу отличную работу,,Не определена,Низкий,Мастер участка,UNDEFINED,75,НЕЯСНО,НЕЯСНО,True,НЕЯСНО
260,2025,Март,"подключено все с скачиванием мобильного приложения озон сто восемь по всей квартире стучит и всем это уже вот сутки и ночь и вчера включили вот сколько в четыре часа включили вечером
Оператора Нету На Месте Я Объяснила Бы В Чем Дело То Надо Убрать Это Все Они Они Прям У Меня Задушили Узанов Задушили Я Умираю Головные Боли Давление Снизилось",,Не определена,Срочно,Диспетчер,UNDEFINED,342,Отопление,Отопление,True,Отопление
185,2024,Октябрь,заявка на устранение воздушности,,Не определена,Срочно,,UNDEFINED,32,Отопление,Отопление,True,Отопление
185,2023,Июнь,"завален вход в подъезд мусором
пока нет",,Не определена,Срочно,,UNDEFINED,39,Уборка внутренняя,Уборка внутренняя,True,Уборка внутренняя
328,2025,Апрель,четвертого апреля я отправлял фотографию скриншот о том что погрузчик при расчистке снега раздавил телегу,,Не определена,Низкий,Диспетчер АДС,UNDEFINED,105,Иное,Иное,True,Иное
185,2022,Октябрь,девушка я только что вам звонила какие пятнадцать тысяч можно мне ответить пожалуйста,,Не определена,Срочно,,UNDEFINED,85,НЕЯСНО,НЕЯСНО,True,НЕЯСНО
328,2024,Октябрь,хочу передать показания счетчиков,,Не определена,Низкий,Диспетчер АДС,UNDEFINED,33,Иное,Иное,True,Иное
260,2026,Апрель,не перебирает подъезд,,Не определена,Средний,Мастер,UNDEFINED,21,Электроснабжение,Домофоны,False,DISPUTED
260,2025,Март,в середине квартиры поставлено внизу мотор этот водяной он врет как прямо железно гремит бо всей квартире будет невозможно посередине я директору если я буду звонить,,Не определена,Срочно,Диспетчер,UNDEFINED,165,Иное,НЕЯСНО,False,DISPUTED
328,2025,Март,мы хотим подать заявку на на показания на горячую воду,,Не определена,Низкий,Диспетчер АДС,UNDEFINED,54,ГВС,ГВС,True,ГВС
260,2024,Январь,снег не убран на территории,,Не определена,Срочно,Мастер ПМК - 35,UNDEFINED,27,Уборка уличная,Уборка уличная,True,Уборка уличная
185,2022,Сентябрь,"когда будет отупление подключено пример и стенка 
 
всё",,Не определена,Срочно,,UNDEFINED,55,Отопление,Отопление,True,Отопление
260,2025,Сентябрь,пусть оператор перезвонит,,Не определена,Срочно,Мастер,UNDEFINED,25,НЕЯСНО,НЕЯСНО,True,НЕЯСНО
185,2023,Апрель,а когда со мной свяжутся я оставляла заявку,,Не определена,Срочно,,UNDEFINED,43,Иное,НЕЯСНО,False,DISPUTED
328,2025,Июль,течь кровли после зимы,,Не определена,Низкий,Начальник Т.О.,UNDEFINED,22,Крыша,Крыша,True,Крыша
185,2022,Декабрь,"сдерают
быстрее машина то прям сипат меня",,Не определена,Срочно,,UNDEFINED,41,Иное,НЕЯСНО,False,DISPUTED
185,2021,Декабрь,Даёт снег надо скриншот сбить сосульки,,Не определена,Срочно,,UNDEFINED,38,Уборка уличная,Иное,False,DISPUTED
260,2024,Октябрь,неправильно начисление,,Не определена,Срочно,Бухгалтер контролер,UNDEFINED,22,Иное,Иное,True,Иное
328,2026,Апрель,мне нужно передать показания по счетчику на горячую воду,,Не определена,Низкий,Диспетчер АДС,UNDEFINED,56,ГВС,ГВС,True,ГВС
260,2024,Ноябрь,не убирается мусор у контейнеров,,Не определена,Срочно,Мастер ПМК - 35,UNDEFINED,32,Уборка уличная,Уборка уличная,True,Уборка уличная
185,2024,Февраль,протекает коммунизация,,Не определена,Срочно,,UNDEFINED,22,Водоснабжение,Водоснабжение,True,Водоснабжение
328,2025,Сентябрь,затапливает квартиру// канализация,,Не определена,Низкий,Слесарь АДС,UNDEFINED,34,Водоотведение,Водоотведение,True,Водоотведение
260,2026,Январь,не чищен двор невозможно проехать на машине,,Не определена,Средний,Мастер ПМК - 35,UNDEFINED,43,Уборка уличная,Уборка уличная,True,Уборка уличная
328,2025,Ноябрь,у нас отключили вот мне бы хотелось знать когда ее дадут,,Не определена,Низкий,Диспетчер АДС,UNDEFINED,56,Водоснабжение,НЕЯСНО,False,DISPUTED
328,2026,Март,так мне нужна справка о составе семьи для газовой службы,,Не определена,Низкий,Диспетчер АДС,UNDEFINED,56,Иное,Иное,True,Иное
185,2024,Октябрь,не поступает тепло по стояку который второй подъезд стоят который выходит во двор,,Не определена,Срочно,,UNDEFINED,81,Отопление,Отопление,True,Отопление
260,2025,Октябрь,у меня стоят холодный в маленькой комнате я звонила еще двадцать четвертого числа до сих пор никто не приехал вот почему то вчера в двенадцатую квартиру так приехали,,Не определена,Срочно,Мастер,UNDEFINED,165,Отопление,Отопление,True,Отопление
185,2026,Январь,"безобразие вообще
я хочу чтобы вы приехали потому что я сегодня уеду вечером я хочу чтобы сегодня мне приехали и сделали",,Не определена,Срочно,,UNDEFINED,120,НЕЯСНО,НЕЯСНО,True,НЕЯСНО
260,2024,Октябрь,в большой комнате нету тепла,,Не определена,Срочно,Мастер,UNDEFINED,28,Отопление,Отопление,True,Отопление
328,2024,Октябрь,у нас в подъезде в четвертом на первом этаже как только заходишь подъезд с левой стороны есть светильник он у нас сейчас не работает не горит и поэтому в подъезд заходишь очень темно пока не поднимешься до первого этажа светильник на первом этаже не включается,,Не определена,Низкий,Электрик,UNDEFINED,260,Электроснабжение,Электроснабжение,True,Электроснабжение
185,2021,Апрель,Не устранили протечка в на кухне я уже приглашала слесарей и всё равно ничего не происходит ничего не это не исправлено Пусть приходят и делают,,Не определена,Срочно,,UNDEFINED,143,Водоснабжение,Водоснабжение,True,Водоснабжение
328,2025,Июль,пусть перезвонит оператор пожалуйста хватит уже,,Не определена,Низкий,Слесарь АДС,UNDEFINED,47,НЕЯСНО,НЕЯСНО,True,НЕЯСНО
185,2023,Август,"у меня сломался сифона в раковине под раковиной на кухне мне надо отремонтировать его срочно
я инвалид второй группы хожу очень плохо желательно срочно сделать это то устранить это это аварию эту",,Не определена,Срочно,,UNDEFINED,195,Ремонт,Ремонт,True,Ремонт
260,2023,Ноябрь,у меня ничего соседний дом снег во валют на нашу территорию тридцать а дом тридцать а валит снег на нашу территорию,,Не определена,Срочно,Начальник ПТО,UNDEFINED,115,Уборка уличная,Уборка уличная,True,Уборка уличная
185,2023,Декабрь,"мне нужно посмотреть выключатель
больше ничего",,Не определена,Срочно,,UNDEFINED,46,Электроснабжение,Электроснабжение,True,Электроснабжение
260,2025,Август,да ничего не случилось,,Не определена,Срочно,Диспетчер,UNDEFINED,22,НЕЯСНО,НЕЯСНО,True,НЕЯСНО
185,2023,Декабрь,у нас у меня потек потолок,,Не определена,Срочно,,UNDEFINED,26,Крыша,Крыша,True,Крыша
260,2025,Март,надо прочистить стоять на кухне,,Не определена,Срочно,Мастер,UNDEFINED,31,Засор водоотведения,Засор водоотведения,True,Засор водоотведения
260,2025,Февраль,"нормально
с четверга в квартире",,Не определена,Срочно,Диспетчер,UNDEFINED,31,НЕЯСНО,НЕЯСНО,True,НЕЯСНО
185,2022,Сентябрь,"у нас в первом подъезде
да вандалы сломали кнопку включения выключения света в подъезде",,Не определена,Срочно,,UNDEFINED,87,Электроснабжение,Электроснабжение,True,Электроснабжение
260,2026,Апрель,просто мне сказали что у нас отключат,,Не определена,Средний,диспетчер,UNDEFINED,37,Электроснабжение,НЕЯСНО,False,DISPUTED
260,2024,Январь,во дворе почистить снег машины не выезжают,,Не определена,Срочно,Мастер ПМК - 35,UNDEFINED,42,Уборка уличная,Уборка уличная,True,Уборка уличная
185,2021,Ноябрь,Нету напряжения в дом со столба,,Не определена,Срочно,,UNDEFINED,31,Электроснабжение,Электроснабжение,True,Электроснабжение
328,2023,Ноябрь,нет это премия которая,,Не определена,Низкий,Диспетчер АДС,UNDEFINED,22,НЕЯСНО,НЕЯСНО,True,НЕЯСНО
328,2025,Ноябрь,у нас я затапливаю соседку,,Не определена,Низкий,АДС,UNDEFINED,26,Иное,Водоотведение,False,DISPUTED
185,2023,Июнь,"ну че то вдруг меня стали азерота вот нет
это вернее не могу не работает ни телевизор ни это не могу это включаю в розетку а он мне не работает
Колесико Веры Города Пожалуйста Пошлите То Мне Я Не Могу Без Розеты",,Не определена,Срочно,,UNDEFINED,211,Электроснабжение,Электроснабжение,True,Электроснабжение
185,2024,Октябрь,"у нас нет тепла как всегда
Адрес Не Телефон Неправильно Вы Записали Восемь Девятьсот Четыре Пять Восемь Тридцать Шесть Девяносто Два",,Не определена,Срочно,,UNDEFINED,132,Отопление,Отопление,True,Отопление
185,2025,Сентябрь,до сих пор тепла нет в доме,,Не определена,Срочно,,UNDEFINED,27,Отопление,Отопление,True,Отопление
328,2026,Январь,мне нужно передать показания счетчика,,Не определена,Низкий,Диспетчер АДС,UNDEFINED,37,Иное,Иное,True,Иное
185,2025,Сентябрь,"сломался
сломался автоматически включать или на электроплиту",,Не определена,Срочно,,UNDEFINED,60,НЕЯСНО,НЕЯСНО,True,НЕЯСНО
185,2021,Июль,Соедините меня с диспетчером,,Не определена,Срочно,,UNDEFINED,28,НЕЯСНО,НЕЯСНО,True,НЕЯСНО
185,2024,Март,ваде нету со вчерашнего вечера нету,,Не определена,Срочно,,UNDEFINED,35,Водоснабжение,Водоснабжение,True,Водоснабжение
185,2024,Январь,у нас случилось на нашем районе не работает колонка пять дней уже замерзшая а вот это надо,,Не определена,Срочно,,UNDEFINED,90,Водоснабжение,ХВС,False,DISPUTED
260,2024,Июль,мне нужно сделать заявку на техника,,Не определена,Срочно,Диспетчер,UNDEFINED,35,Ремонт,НЕЯСНО,False,DISPUTED
328,2024,Октябрь,я хочу с юристом переговорить,,Не определена,Низкий,Диспетчер АДС,UNDEFINED,29,Иное,НЕЯСНО,False,DISPUTED
260,2025,Май,проводы отключите пожалуйста под квартиры включено все гром стоит пусть выключат на улицу прямо через подъезды невозможно дышать нечем эти моторы включенные моторы,,Не определена,Срочно,Мастер,UNDEFINED,163,Иное,Вентиляция,False,DISPUTED
260,2024,Октябрь,у нас очистили чердак весь мусор с чердака спустили во двор две огромные кучи и вот теперь дождем поливает ждем когда снегом завалит хотела бы чтобы вы вывезли этот весь мусор,,Не определена,Средний,Старший техник,UNDEFINED,175,Уборка уличная,Уборка уличная,True,Уборка уличная
185,2022,Февраль,Нет подъезд комнате вчерашнего дня,,Не определена,Срочно,,UNDEFINED,34,Электроснабжение,НЕЯСНО,False,DISPUTED
260,2025,Апрель,у нас не моется подъезд уже полтора месяца,,Не определена,Срочно,Мастер,UNDEFINED,42,Уборка внутренняя,Уборка внутренняя,True,Уборка внутренняя
537,2024,Январь,нужна уборщица для мытья подъездов.,,Не определена,Срочно,Инспектор по контролю за тех.состоянием,UNDEFINED,35,Уборка внутренняя,Уборка внутренняя,True,Уборка внутренняя
185,2025,Август,"отмените мою заявку
женщина упертая я буду звонить пока вы мою заявку не отмените",,Не определена,Срочно,,UNDEFINED,81,Иное,НЕЯСНО,False,DISPUTED
260,2023,Декабрь,"хочу чтоб посмотрели насос
хотелось бы в кратчайшие сроки чтобы устранили эту неполадку",,Не определена,Срочно,Инженер КИП,UNDEFINED,87,Водоснабжение,НЕЯСНО,False,DISPUTED
185,2024,Январь,где то света на этаже,,Не определена,Срочно,,UNDEFINED,21,Электроснабжение,Электроснабжение,True,Электроснабжение
185,2022,Ноябрь,"затопило кухню
сейчас",,Не определена,Срочно,,UNDEFINED,21,Водоснабжение,Водоснабжение,True,Водоснабжение
260,2024,Август,у нас в подъезде не в подъезде на коридоре возле щитка сыра вся стена сырая это на втором этаже на третий тоже там что тут на четвертом это на третьем этаже а на четвертом там и оттуда откуда то течет но у людей у всех сухо,,Не определена,Средний,Мастер,UNDEFINED,223,Иное,Крыша,False,DISPUTED
260,2025,Январь,настроить температуру теплоснабжения,,Не определена,Срочно,Главный инженер,UNDEFINED,36,Отопление,Отопление,True,Отопление
260,2024,Ноябрь,идет парк с подвала возле первого подъезда,,Не определена,Срочно,Диспетчер,UNDEFINED,42,Отопление,Водоотведение,False,DISPUTED
328,2024,Сентябрь,здравствуйте мне нужно поговорить узнать о стоимости квартплаты,,Не определена,Низкий,Диспетчер АДС,UNDEFINED,63,Иное,Иное,True,Иное
185,2022,Октябрь,"так хочу вот мне пришло давно уведомление до пятнадцатого сентября нужно было уплатить за доступ
да нужно я хочу узнать у меня ведь пройден этот осмотр технический или нет но приходили ко мне двое мужчины",,Не определена,Срочно,,UNDEFINED,204,Иное,НЕЯСНО,False,DISPUTED
260,2025,Май,что хорошо я спрашиваю вы записали номер телефона,,Не определена,Срочно,Диспетчер,UNDEFINED,49,НЕЯСНО,НЕЯСНО,True,НЕЯСНО
185,2023,Октябрь,я просто звоню по поводу когда подключать будут паровое в нашем в наш дом в наш подъезд потому что я пришла с дачи вот и мне надо чтобы это самое уже подключили,,Не определена,Срочно,,UNDEFINED,160,Отопление,Отопление,True,Отопление
328,2024,Февраль,надо расчистить снег возле подъезда скажи,,Не определена,Низкий,Диспетчер АДС,UNDEFINED,41,Уборка уличная,Уборка уличная,True,Уборка уличная
260,2023,Декабрь,соедини с диспетчером заявка не озвучена,,Не определена,Срочно,Мастер,UNDEFINED,40,НЕЯСНО,НЕЯСНО,True,НЕЯСНО
185,2022,Сентябрь,в данной комнате не греют полотенце сушитель,,Не определена,Срочно,,UNDEFINED,44,ГВС,ГВС,True,ГВС
260,2026,Январь,а чем целый одиннадцать жду жду ничего,,Не определена,Средний,диспетчер,UNDEFINED,38,Иное,НЕЯСНО,False,DISPUTED
185,2021,Август,Течёт балкон надо это всё зафиксировать,,Не определена,Срочно,,UNDEFINED,39,Крыша,Крыша,True,Крыша
185,2023,Март,у нас течёт потолок с крышей пятый этаж,,Не определена,Срочно,,UNDEFINED,39,Крыша,Крыша,True,Крыша
185,2022,Сентябрь,"девушка у нас бодрее не греет одна в кварианкой комнате одна где то вторая не греет
больше ничего пускай приходит делают",,Не определена,Срочно,,UNDEFINED,120,Отопление,Отопление,True,Отопление
185,2022,Август,"я ходила по улице и в нашем районе нашла открытый люк 
 
между терминалом находится и между двадцать седьмым домом он находится там где ставят машины другой дом там положено или квадратный коричневый поролоновый этот самый",,Не определена,Срочно,,UNDEFINED,222,Иное,Иное,True,Иное
260,2026,Январь,"нужно почистить двор
я заказывал чистку еще вчера на сегодня",,Не определена,Средний,Мастер ПМК - 35,UNDEFINED,60,Уборка уличная,Уборка уличная,True,Уборка уличная
185,2024,Декабрь,вот в большой комнатной та первого этажа приходили товарищи я воздух вроде выпускала и не получал там где то перекрыто это завтра это аварии да подожди мол,,Не определена,Срочно,,UNDEFINED,155,Отопление,Отопление,True,Отопление
260,2025,Сентябрь,"не работает
а вы че уже записали ладно",,Не определена,Срочно,диспетчер,UNDEFINED,38,НЕЯСНО,НЕЯСНО,True,НЕЯСНО
328,2024,Июнь,пятый этаж бежит с крыши потолок протекает по стенам и посередине комнаты,,Не определена,Низкий,Плотник,UNDEFINED,73,Крыша,Крыша,True,Крыша
260,2024,Октябрь,"на диспетчера переключите
с диспетчером соедините",,Не определена,Срочно,мастер,UNDEFINED,49,НЕЯСНО,НЕЯСНО,True,НЕЯСНО
260,2023,Декабрь,кто отвечает за чистку дворов,,Не определена,Срочно,Мастер ПМК - 35,UNDEFINED,29,Уборка уличная,Уборка уличная,True,Уборка уличная
185,2021,Сентябрь,У меня нет тепла в доме уже дали тепло всегда надо ремонт что-то там продувает где-то что-то пропускать,,Не определена,Срочно,,UNDEFINED,103,Отопление,Отопление,True,Отопление
185,2025,Август,провалился канализационный люк внутрь открыт люк полностью,,Не определена,Срочно,,UNDEFINED,58,Водоотведение,Иное,False,DISPUTED
260,2024,Январь,тайки в квартире очень холодные то есть они два теплые,,Не определена,Средний,Главный инженер,UNDEFINED,54,Отопление,Отопление,True,Отопление
260,2026,Февраль,хочу составить заявку по уборке снега с крыши вот последний этаж нас беспокоит этот вопрос,,Не определена,Срочно,Мастер,UNDEFINED,90,Крыша,Крыша,True,Крыша
260,2026,Февраль,не чищен двор между домами герцена сто двенадцать герцена сто десять,,Не определена,Срочно,Мастер ПМК - 35,UNDEFINED,68,Уборка уличная,Уборка уличная,True,Уборка уличная
328,2024,Сентябрь,да хочу я живу по улице советской сто двадцать семь квартира пять я смотрю тут соседям крышу покрывают может быть у них останется у бюро ди заодно мне уголь на сарайку покроют потому что нам сказали что долго там еще тут жить и надо это заказ,,Не определена,Низкий,диспетчер АДС,UNDEFINED,242,Иное,Крыша,False,DISPUTED
185,2023,Декабрь,у нас свет нам бы нам свет у нас это в подъезде на первом этаже перегорела лампу темно очень,,Не определена,Срочно,,UNDEFINED,92,Электроснабжение,Электроснабжение,True,Электроснабжение
185,2023,Февраль,розетки надо две поменять я уже деньги оплатила в платных услугах,,Не определена,Срочно,,UNDEFINED,65,Электроснабжение,Ремонт,False,DISPUTED
328,2025,Октябрь,"принять заявку
чтобы срочно оператор перезвонил",,Не определена,Низкий,Диспетчер АДС,UNDEFINED,47,НЕЯСНО,НЕЯСНО,True,НЕЯСНО
260,2025,Июль,перекрыть вх.вентиль на горячую воду ждет в первой половине дня 15.07.25,,Не определена,Средний,Мастер,UNDEFINED,72,ГВС,ГВС,True,ГВС
185,2024,Октябрь,у нас нет до сих пор тепла в соседних квартирах появилось у нас нету весь стояк холодный,,Не определена,Срочно,,UNDEFINED,88,Отопление,Отопление,True,Отопление
185,2024,Декабрь,нет напора хол.воды ??..у нас меняли стояк с седьмого числа но давление у меня не поднялось у нас по секции полностью в пяти квартирах меняют стоят вот и я на пятом этаже живу так вот мне надо чтобы ну там мастер сказал что вроде бы,,Не определена,Срочно,,UNDEFINED,232,ХВС,ХВС,True,ХВС
185,2023,Октябрь,"нет тепла но похоже дом шесть на военно осадном положении
а вот я не знаю мы наверное с вами уже скоро будем братьями и сестрами извините каждый день даю вам заявки",,Не определена,Срочно,,UNDEFINED,164,Отопление,Отопление,True,Отопление
328,2023,Июнь,мне надо передать показания по горячей воде,,Не определена,Низкий,Диспетчер АДС,UNDEFINED,43,ГВС,ГВС,True,ГВС
328,2026,Февраль,пускай перезвонят звонили,,Не определена,Низкий,Диспетчер АДС,UNDEFINED,25,НЕЯСНО,НЕЯСНО,True,НЕЯСНО
260,2024,Сентябрь,"кв. 76 течь батареи пластина 
конечно как можно быстрее чтобы приехали",,Не определена,Срочно,мастер,UNDEFINED,70,Отопление,Отопление,True,Отопление
260,2024,Февраль,измерить температуру в угловой комнате,,Не определена,Срочно,Старший техник,UNDEFINED,38,Отопление,Отопление,True,Отопление
185,2024,Апрель,а ничего не случилось просто ремонтные работы на трассе завершились или нет ремонте тепла нету в доме ремонт на трассе делает идет когда он закончится,,Не определена,Срочно,,UNDEFINED,150,Отопление,Отопление,True,Отопление
328,2025,Март,хочу узнать реквизиты управляющей компании,,Не определена,Низкий,Диспетчер АДС,UNDEFINED,42,Иное,Иное,True,Иное
185,2024,Октябрь,когда будет тепло в большой комнате,,Не определена,Срочно,,UNDEFINED,35,Отопление,Отопление,True,Отопление
185,2021,Сентябрь,"Отопление такси нету Ищу
Макеев Валерий Анатольевич Бумажников 14 корпус 2 квартира 40",,Не определена,Срочно,,UNDEFINED,86,Отопление,Отопление,True,Отопление
185,2021,Сентябрь,В квартире нет тепла,,Не определена,Срочно,,UNDEFINED,20,Отопление,Отопление,True,Отопление
185,2023,Ноябрь,разморозить колонку на малоэтажке,,Не определена,Срочно,,UNDEFINED,33,Водоснабжение,ГВС,False,DISPUTED
185,2022,Ноябрь,ничего не случилось надо отменить заказ двенадцать шестьсот то есть шестнадцать двести,,Не определена,Срочно,,UNDEFINED,86,НЕЯСНО,НЕЯСНО,True,НЕЯСНО
185,2023,Май,а знаете у нас вот я живу на четвертом этаже на пятом со стороны коридора со стороны лестницы на стене такое вот даже дожди не было а пятно такое и сыпется штукатурка даже или наверху там или что не понятно она легко там мы не знаем там какие то въехать все или не ехали там квартира пустовала,,Не определена,Срочно,,UNDEFINED,293,Ремонт,Крыша,False,DISPUTED
328,2023,Октябрь,"у нас нет тепла сказали что наш дом подключили еще четвертого числа сегодня уже седьмое тепла нет
первом подъезде нет у нас тепла говорю",,Не определена,Низкий,Диспетчер АДС,UNDEFINED,136,Отопление,Отопление,True,Отопление
185,2022,Ноябрь,выбило предохранитель на розетке,,Не определена,Срочно,,UNDEFINED,32,Электроснабжение,Электроснабжение,True,Электроснабжение
185,2023,Октябрь,у нас нет тепла до сих пор в думе,,Не определена,Срочно,,UNDEFINED,33,Отопление,Отопление,True,Отопление
185,2023,Октябрь,у нас на площадке на на втором этаже,,Не определена,Срочно,,UNDEFINED,36,НЕЯСНО,НЕЯСНО,True,НЕЯСНО
328,2025,Октябрь,у меня заявка уже есть сорок два триста девятнадцать я хочу диспетчера услышать,,Не определена,Низкий,Диспетчер АДС,UNDEFINED,79,Иное,НЕЯСНО,False,DISPUTED
185,2023,Октябрь,отсутствуют затопление в квартире,,Не определена,Срочно,,UNDEFINED,33,Иное,Водоснабжение,False,DISPUTED
260,2026,Апрель,я хочу узнать куда мне обратиться чтобы сообщить о смерти проживающего,,Не определена,Срочно,диспетчер,UNDEFINED,70,Иное,Иное,True,Иное
537,2023,Сентябрь,не знаем вот хотели бы уточнить,,Не определена,Срочно,диспетчер,UNDEFINED,31,НЕЯСНО,НЕЯСНО,True,НЕЯСНО
185,2024,Май,засор вас засор стойко ван,,Не определена,Срочно,,UNDEFINED,26,Засор водоотведения,Засор водоотведения,True,Засор водоотведения
260,2026,Февраль,"отменить заявку
отменить заявку",,Не определена,Срочно,диспетчер,UNDEFINED,31,Иное,НЕЯСНО,False,DISPUTED
260,2024,Сентябрь,а у нас только в одной комнате крет,,Не определена,Средний,Мастер,UNDEFINED,35,Отопление,НЕЯСНО,False,DISPUTED
185,2023,Декабрь,у меня ничего не случилось в подъезде это самое парит все сыра из подвала идет пар,,Не определена,Срочно,,UNDEFINED,82,Иное,Вентиляция,False,DISPUTED
260,2024,Июнь,некачественно оказанной услуги поменян водосчетчик после после которого обнаружилась протечка протечка к соседям в нижнюю квартиру то есть нужен кроме устранения,,Не определена,Срочно,Техник,UNDEFINED,161,Водоснабжение,Водоснабжение,True,Водоснабжение
185,2022,Сентябрь,"холодной стояк на кухне и в гостиной комнате 
 
холодные стояки на кухне в гостиной комнате",,Не определена,Срочно,,UNDEFINED,91,Отопление,Отопление,True,Отопление
185,2022,Сентябрь,у нас уличные железный фонарь около третьего подъезда очень сильно наклонившись и скорее всего он упадёт надо посмотреть что то ним делать,,Не определена,Срочно,,UNDEFINED,138,Электроснабжение,Иное,False,DISPUTED
185,2025,Сентябрь,я звоню от жильцов дома о том что у нас нету тепла сегодня двадцать девятое число уже ой двадцать восьмое то есть,,Не определена,Срочно,,UNDEFINED,113,Отопление,Отопление,True,Отопление
328,2025,Август,протекает  с бочка туалета,,Не определена,Низкий,Диспетчер АДС,UNDEFINED,26,Засор водоотведения,Водоотведение,False,DISPUTED
185,2021,Май,Аппарат подключён Прямо в квартиру у Никитиной с новым и надо снять потому что уже 5 месяцев гудят я не дочь,,Не определена,Срочно,,UNDEFINED,108,НЕЯСНО,Электроснабжение,False,DISPUTED
328,2025,Декабрь,частично отсутствует тепло в квартире,,Не определена,Низкий,Слесарь АДС,UNDEFINED,37,Отопление,Отопление,True,Отопление
328,2025,Ноябрь,отсутствует света во всем доме,,Не определена,Низкий,Диспетчер АДС,UNDEFINED,30,Электроснабжение,Электроснабжение,True,Электроснабжение
185,2022,Июль,"дичь 
 пожилая женщина ей бы желательно сегодня",,Не определена,Срочно,сл.сантехник,UNDEFINED,47,НЕЯСНО,НЕЯСНО,True,НЕЯСНО
328,2023,Февраль,"у меня не выполнили работы я две недели жду наверное я опять буду звонить начальству
я уже добавила я наверное выйду опять на начальство там мастера уже сняли начальника участка мастера передвинули",,Не определена,Низкий,Диспетчер АДС,UNDEFINED,197,Иное,НЕЯСНО,False,DISPUTED
185,2023,Июнь,"я вчера заказывал
там стояк задетый забитый вес",,Не определена,Срочно,,UNDEFINED,47,Засор водоотведения,Засор водоотведения,True,Засор водоотведения
185,2025,Сентябрь,по всему стояку у нас тепла нету дом уже к теплу подключен а тепла нету мы замерзаем совсем тут,,Не определена,Срочно,,UNDEFINED,95,Отопление,Отопление,True,Отопление
88,2024,Сентябрь,"надо починить электронный замок
в семнадцатом подъезде нет ниче не хочу дай мне оператора
Зачем Вам Фамилия Оператора Я Поговорю С Оператором",,Не определена,Средний,офис-менеджер,UNDEFINED,141,Домофоны,Домофоны,True,Домофоны
185,2022,Январь,Взрыв в щитке Вы долго будете писать или уже пожарную надо звать,,Не определена,Срочно,,UNDEFINED,64,Электроснабжение,Электроснабжение,True,Электроснабжение
185,2024,Октябрь,"нет тепла в квартире
хочу хочу чтобы было тепло",,Не определена,Срочно,,UNDEFINED,47,Отопление,Отопление,True,Отопление
185,2023,Октябрь,"соедините с диспетчером
соедините с диспетчером",,Не определена,Срочно,,UNDEFINED,47,НЕЯСНО,НЕЯСНО,True,НЕЯСНО
328,2023,Июнь,"нужна ас машина
уточнить почему машина до сих пор не приехала",,Не определена,Низкий,Диспетчер АДС,UNDEFINED,61,Иное,НЕЯСНО,False,DISPUTED
260,2025,Октябрь,стена которые несущие между подъездами,,Не определена,Средний,диспетчер,UNDEFINED,38,Ремонт,Ремонт,True,Ремонт
185,2024,Октябрь,нет подключения к отопительной системе,,Не определена,Срочно,,UNDEFINED,38,Отопление,Отопление,True,Отопление
185,2022,Февраль,Запах неприятный в подъезде и в квартире,,Не определена,Срочно,,UNDEFINED,40,Водоотведение,Вентиляция,False,DISPUTED
88,2025,Октябрь,"пусть перезвонит оператор
перевести на оператора",,Не определена,Срочно,офис-менеджер,UNDEFINED,48,НЕЯСНО,НЕЯСНО,True,НЕЯСНО
260,2026,Март,"значит с крыши фонтаном вода льет на пятый этаж
Адреса Достаточно Советский Проспект Семьдесят Пять А Двадцать Четыре",,Не определена,Средний,Мастер,UNDEFINED,117,Крыша,Крыша,True,Крыша
260,2024,Октябрь,ска скатывают это э а озон,,Не определена,Низкий,Диспетчер,UNDEFINED,26,НЕЯСНО,НЕЯСНО,True,НЕЯСНО
185,2021,Сентябрь,Ночью был вызов что затопляет квартиру,,Не определена,Срочно,,UNDEFINED,38,Водоснабжение,Водоснабжение,True,Водоснабжение
260,2026,Март,"записывайте по записывайте повнимательней заявку от какого дома вам дается заявка записались значит опять шесть или я не знаю что дом шесть а еще раз говорю до свидания
Нет Имя И Фамилию Называть Не Буду Я Не На Приеме У Следователя",,Не определена,Срочно,Мастер ПМК - 35,UNDEFINED,232,НЕЯСНО,НЕЯСНО,True,НЕЯСНО
185,2023,Ноябрь,ну знаете у меня под окошком канонизационный люк,,Не определена,Срочно,,UNDEFINED,48,Водоотведение,Водоотведение,True,Водоотведение
185,2025,Сентябрь,по стояку в наших квартирах нет тепла,,Не определена,Срочно,,UNDEFINED,37,Отопление,Отопление,True,Отопление
185,2021,Сентябрь,Когда шли дожди у нас текла крыша,,Не определена,Срочно,,UNDEFINED,33,Крыша,Крыша,True,Крыша
185,2024,Октябрь,нет тепла в комнатах,,Не определена,Срочно,,UNDEFINED,20,Отопление,Отопление,True,Отопление
328,2023,Октябрь,я вам вчера оставляла заявку,,Не определена,Низкий,Диспетчер АДС,UNDEFINED,28,Иное,НЕЯСНО,False,DISPUTED
185,2021,Сентябрь,Нет в квартире нет тепла,,Не определена,Срочно,,UNDEFINED,24,Отопление,Отопление,True,Отопление
185,2025,Август,в доме это в подвал весь полностью затоплен Лесная 4а-1,,Не определена,Срочно,,UNDEFINED,55,Водоотведение,Водоотведение,True,Водоотведение
185,2024,Октябрь,а квартира сорок восемь,,Не определена,Срочно,,UNDEFINED,23,НЕЯСНО,НЕЯСНО,True,НЕЯСНО
185,2022,Сентябрь,нет тепла в доме тепло есть по нашему стояку нет тепла,,Не определена,Срочно,,UNDEFINED,54,Отопление,Отопление,True,Отопление
185,2021,Сентябрь,В одной из комнат большой меч оплате вообще безобразие вообще нет тепла,,Не определена,Срочно,,UNDEFINED,71,Отопление,Отопление,True,Отопление
185,2025,Октябрь,нет тепла по всему дому,,Не определена,Срочно,,UNDEFINED,23,Отопление,Отопление,True,Отопление
185,2023,Октябрь,у нас мы мы залили соседей,,Не определена,Срочно,,UNDEFINED,26,Водоснабжение,Водоотведение,False,DISPUTED
328,2025,Февраль,надо почистить двор поповича от комсомольской до нашего дома прочистили,,Не определена,Низкий,Диспетчер АДС,UNDEFINED,71,Уборка уличная,Уборка уличная,True,Уборка уличная
260,2026,Март,во дворе оплатить здесь снег,,Не определена,Срочно,Мастер ПМК - 35,UNDEFINED,28,Уборка уличная,Уборка уличная,True,Уборка уличная
260,2023,Ноябрь,записывайте срочно течет кровля в 4 подъезде,,Не определена,Средний,Мастер,UNDEFINED,44,Крыша,Крыша,True,Крыша
185,2023,Ноябрь,у нас замерзла колонка,,Не определена,Срочно,,UNDEFINED,22,Водоснабжение,ГВС,False,DISPUTED
185,2024,Июль,оператору пожалуйста дай трубочку,,Не определена,Срочно,,UNDEFINED,33,НЕЯСНО,НЕЯСНО,True,НЕЯСНО
328,2023,Сентябрь,ну у меня течет еще с осени я два раза,,Не определена,Низкий,Диспетчер АДС,UNDEFINED,38,Иное,НЕЯСНО,False,DISPUTED
260,2025,Апрель,"хочу диспетчера поговорить
жду оператора",,Не определена,Срочно,Диспетчер,UNDEFINED,40,НЕЯСНО,НЕЯСНО,True,НЕЯСНО
260,2024,Январь,нужен ключ для доступа к электросчетчикусо созвонились дан тел Вологдакоммунэнерго,,Не определена,Срочно,Электрик,UNDEFINED,82,Электроснабжение,Электроснабжение,True,Электроснабжение
260,2025,Январь,"телефончику
мне нужна любовь леонидовну ее голос живой",,Не определена,Срочно,Диспетчер,UNDEFINED,54,НЕЯСНО,НЕЯСНО,True,НЕЯСНО
328,2025,Июль,Течь полотенцесушителя в помещении библиотеки,,Не определена,Низкий,Слесарь АДС,UNDEFINED,45,ГВС,ГВС,True,ГВС
260,2024,Ноябрь,возможно дышать зашипела все вообще квартира шипит опять это скачивает этот скачивание опять этого мобильного приложения озон сто восемь они опять подключили подпалы под этот подоконник,,Не определена,Срочно,Диспетчер,UNDEFINED,185,НЕЯСНО,НЕЯСНО,True,НЕЯСНО
260,2025,Июль,"отменить заявку
отменить заявку",,Не определена,Срочно,Диспетчер,UNDEFINED,31,Иное,НЕЯСНО,False,DISPUTED
328,2026,Май,замена электросчетчика пакет пакетник,,Не определена,Низкий,Диспетчер АДС,UNDEFINED,37,Электроснабжение,Электроснабжение,True,Электроснабжение
260,2023,Декабрь,нужна чистка при домовой территории    Заявка передана,,Не определена,Срочно,Мастер,UNDEFINED,54,Уборка уличная,Уборка уличная,True,Уборка уличная
328,2025,Октябрь,у вас случилось вы нихрена не делаете у меня тепла до сих пор нету,,Не определена,Низкий,Диспетчер АДС,UNDEFINED,66,Отопление,Отопление,True,Отопление
88,2026,Апрель,"Требуется сделать ремонт за счет  виновника затопления (кв. 1683)
В 16 подъезде на 16 этаже обсчитать стоимость ремонтных работ.
24.03.2026 собственником кв. 1683 был пробит стояк ливневой канализации и произошло подтопление 16 этажа.",,Не определена,Срочно,Мастер по ремонту,UNDEFINED,234,Ремонт,Ремонт,True,Ремонт
260,2024,Март,"у четвертого подъезда у подвала налить нужно сколоть и сколоть лед около подъездов /2 под/ -заявка от кв,26",,Не определена,Срочно,Мастер ПМК - 35,UNDEFINED,107,Уборка уличная,Уборка уличная,True,Уборка уличная
260,2024,Март,сейчас погрузчик чистит наш двор с декабря месяца он заваливал левневку,,Не определена,Средний,Мастер ПМК - 35,UNDEFINED,71,Уборка уличная,Уборка уличная,True,Уборка уличная
185,2023,Март,и что я так и буду два дня это самое,,Не определена,Срочно,,UNDEFINED,36,НЕЯСНО,НЕЯСНО,True,НЕЯСНО
260,2024,Октябрь,установить на крыше.прикрутить оголовок.валяется на крыше.,,Не определена,Срочно,Мастер,UNDEFINED,58,Крыша,Крыша,True,Крыша
260,2026,Февраль,крыша течет по окну прямо все в комнату,,Не определена,Срочно,Мастер,UNDEFINED,39,Крыша,Крыша,True,Крыша
328,2026,Январь,мне нужно отменить заявку номер сорок пять шестьсот шестьдесят три,,Не определена,Низкий,Диспетчер АДС,UNDEFINED,66,Иное,Иное,True,Иное
185,2022,Октябрь,пропало напряжение в сети сто двадцать вольт всего сто двадцать,,Не определена,Срочно,,UNDEFINED,63,Электроснабжение,Электроснабжение,True,Электроснабжение
185,2022,Сентябрь,так случилось нам тепло надо дать во всех домах есть тепло у нас у меня в тридцать третий и в нашей нет тепла,,Не определена,Срочно,,UNDEFINED,109,Отопление,Отопление,True,Отопление
328,2026,Январь,очень большой звук стоит на полдома,,Не определена,Низкий,Слесарь АДС,UNDEFINED,35,Иное,НЕЯСНО,False,DISPUTED
185,2023,Октябрь,"тепло дали на один час и опять вырубили
да я уже устала звонить сколько можно",,Не определена,Срочно,,UNDEFINED,77,Отопление,Отопление,True,Отопление
328,2025,Февраль,внизу на северной стороне открыт,,Не определена,Низкий,Диспетчер АДС,UNDEFINED,32,Иное,НЕЯСНО,False,DISPUTED
185,2023,Октябрь,"хочется узнать когда нам дадут тепло дело в том что у нас тут дом то ремонтируют
тепло будет вся заявка",,Не определена,Срочно,,UNDEFINED,103,Отопление,Отопление,True,Отопление
260,2025,Ноябрь,у меня ничего не случилось в подъезде,,Не определена,Средний,диспетчер,UNDEFINED,37,НЕЯСНО,НЕЯСНО,True,НЕЯСНО
260,2026,Январь,"с диспетчером соедините пожалуйста
хочу диспетчера услышать",,Не определена,Срочно,диспетчер,UNDEFINED,59,НЕЯСНО,НЕЯСНО,True,НЕЯСНО
260,2024,Июнь,"да
так заявка уже есть девушка",,Не определена,Срочно,Мастер,UNDEFINED,30,НЕЯСНО,НЕЯСНО,True,НЕЯСНО
328,2024,Июнь,ванна воняет невозможно канализационными стоками,,Не определена,Низкий,Слесарь АДС,UNDEFINED,48,Водоотведение,Водоотведение,True,Водоотведение
