category,confidence,reason,description
Отопление,0.95,Житель сообщает об отсутствии тепла,нет тепла трехкомнатная квартира только в одной комнате тепло
Уборка уличная,0.9,Урна без дна — проблема уличной уборки,урна предподъездная нет дна
НЕЯСНО,0.9,Фраза не содержит информации о проблеме,"часик не работает
ниче не хочу"
Крыша,0.9,"Проблема с дверью на крышу, холод проникает в подъезд",на со слов заявителя на двери выхода на крышу выломали дверь холод заходит в подъезд просят сделать двери закрыть их
Отопление,0.95,Упоминание подачи и отключения тепла,"значит нам полчаса назад дали тепло
На Кухне И В Спальне Отключили Тепло Почему У Нас Очень Холодно Невозможно Спать Невозможно Ничего Делать"
Отопление,0.9,Житель сообщает об отсутствии тепла,"у нас случилось дали тепло у нас его нет
пусть внимательно ремонтируют"
Отопление,0.9,"Завоздушенность часто связана с отоплением, упомянуты ключи от подвала","завоздушенность
да серра с утра приезжали и посмотрели у них не оказалось ключей от подвала и они уехали ничего не сказал все"
Уборка уличная,0.95,Просьба убрать снег во дворе,необходимо убрать дворовую территорию от снега
Ремонт,0.9,Просьба установить кран на кухне,"Нужно  поставит  кран ,на кухне"
Электроснабжение,0.6,Упоминание 'под э' вероятно о свете,под э так в первом подъезде
НЕЯСНО,0.95,Речь не содержит конкретной проблемы,я хотел нужен че непонятно говорю
Иное,0.6,Запрос статуса заявки без указания проблемы,заявка двадцать девять триста два что с ней
Отопление,0.95,Житель сообщает об отсутствии тепла,случилось то что нет тепла я уже звонила вчера звонила так ничего и нет нет тепла в одной комнате в кухне
Уборка уличная,0.95,Просьба убрать снег на придомовой территории,срочно почистить придомовую территорию от снега
Уборка уличная,0.9,Просьба расчистить двор от снега,расчистить территорию дворова снега и убрать снег с крыши где у подъезда
Водоотведение,0.85,"Повреждение канализации и потолка, запах воды",Нанесение повреждений потолочному покрытию сквозное в другую квартиру с повреждением канализационной системы
ХВС,0.95,Запрос о передаче показаний счетчика холодной воды,здравствуйте я бы хотел узнать как мне передать показания счетчика холодной воды и куда это
Уборка внутренняя,0.9,Жалоба на загрязнение в подъезде,кто то все время какает в подъезде сегодня опять
Отопление,0.95,Житель жалуется на отсутствие тепла в квартире,В нашем подъезде есть тепло а у меня в квартире на пятом этаже тепла Нет нужно выпустить воздух в ванной на пятом этаже
Отопление,0.9,Упоминание батарей и риска затопления,"срочно вы меня сейчас зовите соседей в тикет 
 
батареики затопите соседей"
Водоснабжение,0.6,"Упоминание трубы в подвале, вероятно, водопровод",утечка инвестиционных труп в подвале
Отопление,0.95,Упоминание отсутствия тепла после продувки,В доме было тепло Мы продули сейчас опять тепла нету
Крыша,0.95,Падение льда с крыши угрожает безопасности,с крыши упали ледины почти на человека
Иное,0.9,Просьба убрать мусор после работ,левичева тринадцать левичева пятнадцать левичева семнадцать герцена тринадцать после смены столбов детки api из столбы оставлены просьба убрать мусор
Иное,0.6,"Термин 'затопило' неясен, возможна протечка","затопило
это не по заявке то срочно приехать"
Иное,0.7,"Просьба снять козырек, не относится к инженерным системам",так вот нам приходят письма мы живем на втором этаже дом двухэтажный чтобы мы сняли козырек
Иное,0.95,"Проблема с птицей на крыше, не связана с ЖКХ",на девятом этаже закрыт вход на крышу там упала птица попала птица ей никак не выбраться уже второй день она там кричит бессильно необходима помощь скрыть замок и выпустить птицу
НЕЯСНО,0.9,"Нет конкретной проблемы, просьба связаться с оператором",Не с оператором связаться с ним пообщаться
Уборка уличная,0.95,Житель сообщает о неубранном снеге,"не убран снег
срочно убрать снег"
Уборка уличная,0.95,Жалоба на неубранную помойку и запах,помойку не убирают потому что видите ли контейнер сломан она уже три недели здесь тухнет вонище стоит неимоверное черви уже ползают крысы развелись табунами ходят вы ждете чтобы я позвонила губернатору в конце то концов когда это закончится они говорят контейнеров нет
НЕЯСНО,0.1,Текст не содержит информации о проблеме,что случилось ты планет со вчерашнего дня я вам ещё раз говорю
Отопление,0.9,жалоба на отсутствие тепла,нет тепла ванны маленькая комнате на кухне
Водоснабжение,0.6,"Упоминание о протечке воды, неясно какая",а вот у нас случилось было это самое полилось мы звони не это слышать вас
НЕЯСНО,0.3,Фраза не содержит конкретной проблемы,"в квартире этажом ниже получается 
 жизнь"
Отопление,0.95,"Упоминание наладки тепла, заявка по отоплению","ну я уже как бы оставляла заявку мне сказали ее номер девятнадцать тысяч восемьсот тридцать один я хотела бы выяснить придут ли сегодня налаживать тепло
да хочу добавить номер телефона"
Ремонт,0.9,Ямочный ремонт относится к ремонтным работам,Ремонт придомовой территории (ямочный ремонт)
НЕЯСНО,0.9,"Нет информации о проблеме, только жалоба",я сегодня уже два раза оставляла заявку сколько еще треде будем оставлять
Отопление,0.9,Затопление теплоузла связано с отоплением,Можайского . 19 - 2    .у нас затоплен теплоузел
Уборка уличная,0.95,Житель сообщает об отсутствии уборки снега во дворе,уборка снега не производится во дворе
НЕЯСНО,0.95,Вопрос не относится к заявке ЖКХ,я с кем разговариваю с роботом или с человеком
Крыша,0.9,"Упоминание протечки кровли, типичная заявка","натечка кровли
хочу с человеком поговорить"
Вентиляция,0.9,Упоминание вентиляционного блока и его выпадение,в вентиляционный блок выпал из стены
Вентиляция,0.7,Гул в подъезде часто связан с вентиляцией,"в подъезде гудит
гудит очень сильно и долго гудит"
Водоснабжение,0.6,Передача показаний счетчика обычно относится к воде,"передать показания счетчика
показания счетчика"
Иное,0.9,Запрос контактов для уточнения по ремонту насоса,у кого конкретно я могу уточнить по общедомовому прибору по насосу который у нас в ремонте с кем мне можно связаться
Крыша,0.9,Срочно снять глыбу льда с крыши,Топливный 10- срочно снять глыбу льда с крыши нет дома света
Отопление,0.95,Упоминание отсутствия парового отопления,Нету парового в трёхкомнатной квартире
НЕЯСНО,0.9,"Нет описания проблемы, только запрос связи","связь с оператором
связь с оператором"
НЕЯСНО,0.1,Слишком короткий и неинформативный текст,"в подъезде
в подъезде"
Водоотведение,0.9,Запах канализации и течь в подвале,в подвале течет струк говно три недели уже залит подвал дышать нечем сколько это будет продолжаться
Отопление,0.9,Измерение температуры воздуха связано с отоплением,мне нужен заявку на техника который пришел бы измерил температуру воздуха в квартире
Крыша,0.95,Протечка крыши и обвал потолка,у нас протекает крыша и обвалился потолок вчера приезжали плотники закрывать там толью забивать крышу наполовину сделали и все
Крыша,0.95,Упоминание снега на крыше,нависает снег с крыши
Отопление,0.8,Гул труб теплового узла связан с отоплением,трубы которые блок видимо тепловой узел гудят
Водоотведение,0.9,Замена трубки сливного бачка относится к водоотведению,Замена трубки сливного бачка
Отопление,0.85,Пар из подвала указывает на утечку теплоносителя,между вторым и третьим подъездом из подвала идет пар
Иное,0.9,"Жалоба на открытую фрамугу, не связана с инженерными системами",у нас на этаже нашем третьем подъезде на четвертом этаже стало быть и открыто фрамуг ну холод идёт и никто не соизволит столько времени закрыть представляет а я женщина уже пожилая я не могу у меня сил нет и вот я бы хотела попросить вас чтобы вы кого то послали чтобы
НЕЯСНО,0.95,"Просьба соединить с оператором, без указания проблемы","оператора мне включите пожалуйста
мне нужен оператор соедините пожалуйста не хочу разговаривать с автоответчиком"
Электроснабжение,0.6,Слово 'линии' указывает на электросети,до сих пор нету этот линии
Ремонт,0.9,Оторвавшийся козырёк требует ремонта для безопасности,"бумажников два козырёк оторвался на доме железово болтается оторвётся кому на голову
хочу чтобы побыстрее отремонтировали то оторвётся кому нибудь голову оторвёт козырёк этот"
Водоснабжение,0.9,"Прорыв трубы в подвале, вода",в подвале прорвала трубу
Иное,0.6,"Жалоба на директора, не связана с ЖКХ",скажите вашему директору наталье леонове если будет установи канал
ГВС,0.95,Запрос на передачу показаний горячей воды,я бы хотела передать показания по горячей воде
Отопление,0.95,Просьба отключить тепло относится к отоплению,просьба отключить тепло
Домофоны,0.95,Прямое указание на ремонт домофона,Ремонт домофона необходимо
Отопление,0.95,Упоминание отсутствия теплоснабжения,отсутствует теплоснабжения
Иное,0.9,Падение дерева не относится к инженерным системам,У нас случилась дерево упало
Отопление,0.95,Житель сообщает об отсутствии тепла в кухне и бане,я давала заявку у нас в кухне и в бане нет тепла в кухне ненадолго дали тепло и исчезла опять тепло опять нет тепла
НЕЯСНО,0.3,Текст не содержит информации о проблеме,Отключено и Свистунов меня
Ремонт,0.7,Просьба восстановить что-то в подъезде,в первом подъезде на четвертом этаже нужно восстановить
Вентиляция,0.9,Житель сообщает о забитом дымоходе для газовой колонки,в пятницу проверяли дымоходы человека у меня значит забито дымоход забит хотелось бы чтобы прочистили его чтобы муж было пользоваться колонкой
Иное,0.9,"Запрос телефона для справок, не ЖКХ","мне нужен телефон
выписки и прописки"
ГВС,0.7,"Упоминание полотенцесушителя, связанного с горячей водой",хотела у нас холодное полотенце сушитель после вчерашнего ремонта что то делали сотрудники ваши
Иное,0.7,Конденсат на окне не относится к инженерным системам,Авария конденсат идёт с окна капает
Отопление,0.95,Указано отсутствие тепла в квартирах,тепло в подъезде есть а в квартирах нет
Водоснабжение,0.9,Упоминание водяного насоса в подвале,подкачивающий водяной насос в подвале
НЕЯСНО,0.9,Текст не содержит информации о проблеме,"да
леонидовна то нету на месте она бы сказала что делать то"
НЕЯСНО,0.3,Фраза не содержит сути обращения,"сведения передать на
пока нет"
НЕЯСНО,0.1,"Только адрес, нет сути обращения","дом четыре квартира два
что"
ГВС,0.7,"Упоминание отсутствия пара, вероятно, горячей воды",у нас ничего не случилось у нас семнадцатое число сегодня и у нас нет пара
Вентиляция,0.7,"Жалоба на невозможность дышать, задыхаться",тоже невозможно дышать нечем я задыхаю все вопросы звонила сейчас в департамент все вопросы на на конскую шесть звонила тоже все вопросы коммунальщик работает с этим вопросом задушили не
Отопление,0.95,Упоминание отсутствия тепла в секции,у нас секции до сих пор нету тепла
Иное,0.9,"Жалоба на неявку мастеров, не указана услуга",сегодня должны были прийти мастера в двенадцать часов дня мастеров не было
Отопление,0.9,Упоминание отсутствия тепла,У нас нет Типа до сих пор
Иное,0.9,"Открытый люк на проезжей части, не относится к ЖКХ",на проезжей части по улице калинина напротив бара садко открытка  люк
Ремонт,0.85,Житель сообщает о падающем козырьке квартиры,козырек это самое на квартире номер один скоро упадет можно его сделать
Электроснабжение,0.9,Шум электрического ящика указывает на проблему с электричеством,на первом на первом этаже шумит электрический ящик
Электроснабжение,0.7,"Упоминание розетки, связанной с электричеством",у нас нужно проверить цвет розетку
Водоснабжение,0.6,"Общая проблема с сантехникой, вероятно вода",проблема с сантехникой
Иное,0.6,"Жалоба на шум, не связана с ЖКХ",вот ночью вот на дворе это надо спать ложиться а посредине квартиры очень шумно они подтянули все по насреддину от от ванны и на балкон на балкон в общем
Уборка уличная,0.9,"Просьба убрать мусорный контейнер, относится к уличной уборке","надо убрать контейнер мусорный
перезвоните на мой номер телефона"
Водоснабжение,0.6,"Упоминание протечки, вероятно, воды","протекает
уже миллион раз было"
Иное,0.7,"Житель отменяет заявку, суть не указана",я звонила делала заявку но это у нас внутренняя там авария я отменяю заказ
НЕЯСНО,0.1,"Нет описания проблемы, только упоминание звонка",у меня от вас пропущенный звонок
Уборка уличная,0.8,Просьба убрать территорию возле магазина,почистить надо возле магазина олега
Крыша,0.9,Прямое указание на проблему с крышей,у нас крыша крыша еще
НЕЯСНО,0.3,Фраза не содержит сути обращения,"счет стояк
да вы че это вчера"
НЕЯСНО,0.1,Фраза не содержит информации о проблеме,ну илье иди посмотри
Водоснабжение,0.7,"Упоминание гибкой подводки, вероятно, для воды","так у меня уже вчера вызывала 
 
да приходили но сказали надо гибкую это подвязку и до пятидесяти и две дойти я купила пусть приходят тогда"
Уборка уличная,0.95,Жалоба на нечищенные дворы и проезды,так дворы нечищенные невозможно ходить даже скоро проехать не может ни такси ни скоро ничего не вызвать
Иное,0.9,Газ не относится к ЖКХ категориям,у меня газ не работает хотел
Иное,0.9,"Провал асфальта во дворе, не относится к инженерным системам",у нас во дворе около подъезда проваливается асфальт или там что то
Отопление,0.9,Упоминание подключения отопления и отсутствия тепла,ни в одной комнате нет затопления хотя дом уже вроде подключили
Водоснабжение,0.9,Упоминание отсутствия давления воды,4 эт. нет давления воды
Крыша,0.9,Упоминание протечки с крыши,"капа от крыша
пускай перезвонит"
Крыша,0.95,Течь с кровли в подъезде,у нас подъезде течет с кровли кв. 85 и 83
Иное,0.9,"Поломка бытовой техники, не относится к ЖКХ",стиральная машина вышла из строя
Отопление,0.95,Житель жалуется на отсутствие тепла в квартире,У нас нет тепла говорят везде есть моей квартире нет тепла уже как-то очень влажно холодно
НЕЯСНО,0.1,Текст не содержит информации о проблеме,"цвета 
 пока нет жду ответа на этот вопрос"
Крыша,0.95,"Протечка с чердака, повреждение потолка","значит по адресу улица советов четыре двадцать два а пять протечка с чердака
потолок в пузыре"
Иное,0.3,"Неясно, какая проблема со стеной",у меня ванная получается стена прилегает к
Отопление,0.95,Житель сообщает об отсутствии тепла,"у нас нет тепла
хотим узнать подключен ли вообще наш дом"
Отопление,0.95,Житель сообщает об отсутствии тепла,до сих пор нет тепла во всем доме
Иное,0.7,"Сырая стена около розетки, неясно причина","стенка сырая 
 
даша приехала аварийная служба посмотрела зафиксировалась в сырую стену около розетки"
Отопление,0.95,Житель сообщает об отсутствии тепла в комнатах,вот дали тепло а у нас в комнатах тепла нет только на кухне и ванной
ХВС,0.7,Упоминание холодной воды и аварийной службы,"вы понимаете вчера вызывали аварийную
из банной холодный уходила на работу вчера приезжали заявка была сделана приезжали"
Электроснабжение,0.9,"Обогреватель не работает, вероятно, проблема с электричеством",не работает в подъезде обогреватель// 2 под
Уборка внутренняя,0.95,Жалоба на отсутствие уборки подъезда,у нее нет уборки подъезда второй месяц
Отопление,0.95,Упоминание подключения тепла в комнатах,так вот я сделала заявку а когда подключат в комнатах тепло у нас на пятом этаже никто не живет
Уборка уличная,0.7,Вопрос про прочистку дороги к дому,я хочу узнать прочищенная или дорога к этому дому
Водоснабжение,0.95,Прорыв трубы с затоплением этажей,прорвала трубу затапливает первый и второй этаж
НЕЯСНО,0.3,Нет информации о проблеме,город кондопога улица максима горького дом двадцать шесть квартира три
Отопление,0.7,"Слово 'пеня' может быть ошибкой ASR, вероятно 'батарея'",мне это пеня в комнате
Отопление,0.9,Просьба пропустить воздух в системе отопления,мы приехали домой нам нужно пропустить воздух сиря пусть подойдут
Электроснабжение,0.95,Не работают розетки — проблема с электричеством,"не работают розетки
можно будет подойти завтра в течение дня
Диспетчер - Направила в техотдел, заявка платная."
НЕЯСНО,0.9,Фраза не содержит информации о проблеме,"у нас 
 
больше ничего"
Отопление,0.9,Фраза о подключении к теплу,хотим подключиться к теплу
Крыша,0.95,"Протечка с крыши, требуется составление акта",составить акт протечки с крыши
НЕЯСНО,0.3,Упоминание подъезда без конкретной проблемы,"третий подъезд
в подъезде"
Иное,0.6,"Неясно, что именно гудит и где",опять гудит стоят все сильнее сильнее
Крыша,0.9,Упоминание течи из-под крыши,течь в подъезде из под крыши
Засор водоотведения,0.9,Слово 'забито' указывает на засор,"забито
да быстро вычистить"
Отопление,1.0,Житель сообщает об отсутствии тепла,"нет тепла
а че больше то добавить нет теплатак"
Иное,0.9,Мусоропровод не относится к инженерным системам,Полностью забит мусоропровод в третьем подъезде
Электроснабжение,0.95,Упоминание сбоя напряжения в электросети,"сбой напряжения в электросети
что вы пришли сегодня"
Электроснабжение,0.95,Неисправность розеток относится к электричеству,Розетки в комнате не работают
Отопление,0.95,"Житель спрашивает о подключении тепла, упоминает стояк",когда будет тепло два дня подключали один стояк только греет
Водоотведение,0.7,"Запах канализации, возможен засор",у нас в подъезде дикая вонь и очень много этих
НЕЯСНО,0.9,"Нет конкретной проблемы, только жалоба",сегодня ничего не случилось я насчет вчерашнего я хочу пожал жалобу
Электроснабжение,0.6,"Фраза про отключение, вероятно, электричества",Отключили и не включили
НЕЯСНО,0.9,"Нет конкретной проблемы, только вопрос о времени","да 
 
во сколько не приедут вот хочу узнать
Шашкова Вера Николаевна Я Только Сейчас Вам Это Говорила Девушка"
Отопление,0.95,Упоминание отсутствия тепла и уточнение сроков,"нет тепла
хочу уточнить сроки"
Отопление,1.0,Житель сообщает об отсутствии тепла,нет тепла нет тепла ни в одной комнате заявка по тепло
Иное,0.9,"Просьба закрыть люк, не связана с инженерными системами",закройте люк на чердак в первом подъезде
Иное,0.7,"Жалоба на воду под балконом, не связана с ЖКХ","балконом главное под балконом включили вообще не спать невозможно и холод
Попрошу Вас Попросит Скажите Чтобы Отключили Холодную Воду Кругон Под Балкон Невозможно Находиться В Квартире Когда Включат Эту Воду"
Уборка уличная,0.95,Просьба расчистить снег во дворе,"расчисти снег
простите нет хорошо во дворе"
Отопление,0.95,Житель сообщает об отсутствии тепла,Нету тепла в кухне и в ванне
Водоснабжение,0.8,"Проблема с водяным счетчиком, относится к водоснабжению",Да вы знаете отводного от водяного счётчика в туалете отвалились проводочки
Иное,0.6,Упоминание наладки цвета в тамбуре,в тамбуре нужно наладить цвет
Иное,0.95,"Передача показаний счетчиков, не авария",я ничего не слышал надо передать показания счётчиков горячую и холодную
Отопление,1.0,Житель сообщает об отсутствии тепла,в квартире нет тепла
Ремонт,0.9,Житель просит побелку после пожара,мне нужно побелить в коридоре после пожара до сих пор они до ума не довели они приехали во вторник недоделки сделали а в коридоре у меня не не побелили это что за хрень такая пусть диспетчер позвонит по этому телефону
НЕЯСНО,0.1,"Текст неразборчив, смысл отсутствует",у нас уже коза козырька капля пятая также
Иное,0.9,Вопрос о мусорных контейнерах и жалоба на вывоз мусора,"так мы хотели бы узнать насчет мусорных контейнеров на каком основании с тридцать седьмого признали контейнеры и сейчас люди из этого же дома носят нам мусор свой     Направлено письмо в  Департамент городского хозяйства,"
Водоотведение,0.9,Слив не работает в подъезде,2 подъезд слив не работает
Уборка уличная,0.9,"Просьба очистить двор, указан адрес",нашла очистить двор на воркутинской пятнадцать а
Уборка уличная,0.95,Просьба очистить двор от снега,нужно почистить двор от снега
Отопление,0.95,Житель сообщает об отсутствии тепла,"у меня отсутствует тепло
а что еще я могу добавить у меня нет тепла когда включат"
Уборка уличная,0.95,Просьба убрать дворовую территорию,убрать дворовую территорию герцена сто девять герцена сто пять трактора
Крыша,0.95,"Протечка с крыши, вода над люстрой",Протечка с крыши над комнатой с люстрой пошла вода
НЕЯСНО,0.3,"Нет конкретной проблемы, только просьба",мне нужен специалист
Отопление,0.85,Жалоба на сильную жару и просьба отключить отопление,"чего случилось то что они вообще не знаю как ночевать сегодня весь день вообще такой саф такой страсти не было весь день буха отвез под балконом и вообще вся квартира ходом ходит так я прошу отключите
Я Не Знаю Подключили Всю Систему Подключили Общему Квадрату Нигде Нигде Спасения Нигде Нету"
Отопление,0.9,Упоминание отключения тепла,"у нас когда отключают тепло
возможно не помыться не пошел не помыть ничего"
Водоотведение,0.9,"Затопление связано с водой, вероятно, канализация",затоп со второго этажа на первый
Крыша,0.95,Сосульки на доме угрожают падением,у нас на доме очень большие сосульки висят со стороны подъезда и со стороны магазина уже начали падать боимся
Отопление,0.95,Житель сообщает об отсутствии тепла,"у меня нет тепла
в кухне и ванне нет"
Иное,0.6,"Вопрос про оплату, не связан с ЖКХ",Почему не выключается оплату Никитиной
ГВС,0.95,Житель сообщает об отключении горячей воды,Что меня ничего не случилось так воду отключили горячую и я до сих пор у меня нету я не знаю на есть или нету я второй раз уже вам звоню а
Иное,0.9,"Запрос на передачу показаний, не авария",нужно показания передать
Вентиляция,0.85,Просьба проверить дымоход газовой колонки,Меня ничего не случилась была проверка горга заметка чтоб к вам позвонить чтобы пришли проверили дымоход колонки
НЕЯСНО,0.9,"Просьба соединить с оператором, суть проблемы не указана","соедините с оператором Перезвонили
да соедините с оператором"
НЕЯСНО,0.9,"Житель просит оператора, суть проблемы не указана","оператора хочу
оператора хочу"
Иное,0.9,"Вопрос о работе организации, не авария",я говорю я хочу спросить мп жкх работает ли сегодня
Иное,0.95,Просьба о пропуске для автомобиля,мне нужен пропуск на на автомобиль чтобы пропускали к подъезду
Иное,0.6,"Вопрос о начислениях, не связан с аварией",мне надо выяснить по поводу вторичного значит начисления за
Водоснабжение,0.7,"Слабое давление воды, не указан тип",у меня плохо вытекает подавали
Водоотведение,0.95,"Запах фекалий, возможная протечка в подвале",в подъезде в квартире очень пахнет фикалиями скорее всего в подвале какая то протечка подвал закрыт на замок поэтому нужно приехать и открыть посмотреть и при необходимости все там откачать
Уборка уличная,0.95,Житель просит очистить двор и убрать сосульки,когда очистят наш двор и сосульки уберутся сольки скоро упадут на голову кому нибудь
Уборка уличная,0.9,Житель сообщает о невыполненной уборке мусора во дворе,во двор приехали убирать мусор развернулись и уехали
Иное,0.9,Житель отменяет заявку без указания проблемы,ничего не случилось я просто вам звонила хотела узнать а вы мне заявку я снимаю заявку эту
Засор водоотведения,0.9,"Просьба почистить септик, связана с водоотведением","септик почистить
а хочу вот то что мы уже звонили но не приехали хотим чтобы приехали к нам срочно"
Иное,0.95,Не относится к коммунальным услугам,Около подъезда застрял кот
Отопление,0.95,Житель сообщает об отсутствии тепла в доме,у нас до сих пор нет тепла во всех окружающих домах тепло в нашем доме все еще нет занят займ
ГВС,0.9,Упоминание горячей воды в показаниях,да показания холодной воды ой горячей воды
НЕЯСНО,0.3,"Фраза неразборчива, возможно, технический термин",коронка на молоташе она не размораживается совсем
НЕЯСНО,0.9,Текст не содержит сути обращения,Случилась та что пусть отвечает Оставьте не ответит оператор
НЕЯСНО,0.95,"Житель благодарит, нет заявки",все нормально все сделали я говорю спасибо вам
ГВС,0.9,Упоминание прорыва трубы с горячей водой,в подвале сама трубу прорвала горячую
НЕЯСНО,0.1,"Текст неразборчив, не содержит сути обращения",не моется лиски не можется подъезжать
Водоотведение,0.9,"Упоминание стояка канализации, относится к водоотведению",проверить стояк канализации
Иное,0.9,"Просьба открыть подвал, не связана с авариями",мне нужно попасть в подвал
Водоснабжение,0.9,Упоминание установки водосчетчиков и перекрытия стояка воды,"завтра придут устанавливать жилсервис водосчетчики необходимо перекрыть стояк Услуга платная,"
НЕЯСНО,0.3,Фраза не содержит конкретной проблемы ЖКХ,"у нас истечет
я хочу соедините меня с оператором"
Водоснабжение,0.7,"Лужа под раковиной, возможна протечка воды",меня вот меня меня меня затопило она меня меня затопила какая то черта черная какая то лужа под под раковиной
НЕЯСНО,0.3,"Нет конкретной проблемы, только описание этажа",Да сверху там не знаю Я живу на первом этаже от сверху второй этаж меня
Водоснабжение,0.9,Течь вентиля относится к водоснабжению,течь входного вентеля
ГВС,0.95,Житель спрашивает о горячей воде,узнать почему горячей воды нет
Электроснабжение,0.95,Житель сообщает об отсутствии света,"света у нас нет
да нет ниче не хочу"
НЕЯСНО,0.9,Житель не описывает проблему ЖКХ,"как отключить тупого робота
программу"
Засор водоотведения,0.9,Заказ машины для выкачки ямы,мне надо мне заказать машину для выкачки ямы
Водоотведение,0.8,Запах канализации в подъезде,у нас очень нехороший запах три дня уже в подъезде
НЕЯСНО,0.9,Текст не содержит сути обращения,заявка некорректно оформлена
Отопление,0.7,Упоминание энергии и контекст жалобы на отопление,во второй нет мы уже столько сожгли этой энергии
Иное,0.9,"Просьба дать номер специалиста, не связанная с ЖКХ",номер специалиста какой нибудь дать можете
Иное,0.3,Не указана конкретная проблема ЖКХ,соседи кто то сверху
Электроснабжение,0.95,Проблема с розеткой и электроприборами на кухне,не работает электроплита на кухне чайник не включается микроволновка не работает видимо вот эта розетка не работает на кухне
Крыша,0.95,Повреждение кровли после циклона,После циклона сорвало рубероид на крыше   веранды и шифер на крыше
Отопление,0.95,Житель жалуется на холод и спрашивает о тепле,когда будет тепло в нашем доме мы уже вообще замерзли
Ремонт,0.85,Просьба установить поручни на лестницу,мне хотелось бы чтобы нам поставили поручные на лестницу входа в подъезд
НЕЯСНО,0.95,"Только благодарность, нет конкретной проблемы",спасибо вашему жеку и низкий потом всем сотрудникам за вашу отличную работу
Отопление,0.85,"Стук в квартире после включения отопления, жалоба на духоту и давление.","подключено все с скачиванием мобильного приложения озон сто восемь по всей квартире стучит и всем это уже вот сутки и ночь и вчера включили вот сколько в четыре часа включили вечером
Оператора Нету На Месте Я Объяснила Бы В Чем Дело То Надо Убрать Это Все Они Они Прям У Меня Задушили Узанов Задушили Я Умираю Головные Боли Давление Снизилось"
Отопление,0.9,Воздушность характерна для систем отопления,заявка на устранение воздушности
Уборка внутренняя,0.9,"Мусор в подъезде, требуется уборка","завален вход в подъезд мусором
пока нет"
Иное,0.9,Жалоба на повреждение имущества при уборке снега,четвертого апреля я отправлял фотографию скриншот о том что погрузчик при расчистке снега раздавил телегу
НЕЯСНО,0.9,"Нет информации о проблеме, только эмоции",девушка я только что вам звонила какие пятнадцать тысяч можно мне ответить пожалуйста
Иное,0.95,"Передача показаний счетчиков, не авария",хочу передать показания счетчиков
Электроснабжение,0.7,"Вероятно, речь о неработающем освещении в подъезде",не перебирает подъезд
Иное,0.7,"Описание шума от водяного мотора, неясно",в середине квартиры поставлено внизу мотор этот водяной он врет как прямо железно гремит бо всей квартире будет невозможно посередине я директору если я буду звонить
ГВС,0.95,Заявка на передачу показаний горячей воды,мы хотим подать заявку на на показания на горячую воду
Уборка уличная,0.95,Житель сообщает о неубранном снеге,снег не убран на территории
Отопление,0.9,"Упоминание подключения отопления, ошибка ASR","когда будет отупление подключено пример и стенка 
 
всё"
НЕЯСНО,0.9,Нет информации о проблеме,пусть оператор перезвонит
Иное,0.7,"Житель спрашивает о статусе заявки, не описывая проблему",а когда со мной свяжутся я оставляла заявку
Крыша,0.95,Упоминание течи кровли после зимы,течь кровли после зимы
Иное,0.3,"Текст неразборчив, возможно жалоба на машину","сдерают
быстрее машина то прям сипат меня"
Уборка уличная,0.9,Сбивка снега и сосулек — уличная уборка,Даёт снег надо скриншот сбить сосульки
Иное,0.9,"Жалоба на начисления, не связана с ЖКХ",неправильно начисление
ГВС,0.95,Передача показаний счетчика горячей воды,мне нужно передать показания по счетчику на горячую воду
Уборка уличная,0.9,Жалоба на уборку мусора у контейнеров,не убирается мусор у контейнеров
Водоснабжение,0.6,"Слово 'коммунизация' похоже на 'коммуникации', вероятно, протечка воды",протекает коммунизация
Водоотведение,0.9,Затопление из-за канализации,затапливает квартиру// канализация
Уборка уличная,0.95,"Жалоба на нечищеный двор, мешает проезду",не чищен двор невозможно проехать на машине
Водоснабжение,0.6,"Упоминание отключения воды, неясно какой",у нас отключили вот мне бы хотелось знать когда ее дадут
Иное,0.95,"Запрос справки, не связанный с аварийными услугами",так мне нужна справка о составе семьи для газовой службы
Отопление,0.95,Упоминание отсутствия тепла по стояку,не поступает тепло по стояку который второй подъезд стоят который выходит во двор
Отопление,0.9,"Житель жалуется на холод в комнате, вероятно, проблема с отоплением.",у меня стоят холодный в маленькой комнате я звонила еще двадцать четвертого числа до сих пор никто не приехал вот почему то вчера в двенадцатую квартиру так приехали
НЕЯСНО,0.9,"Нет конкретной проблемы, только эмоции и просьба","безобразие вообще
я хочу чтобы вы приехали потому что я сегодня уеду вечером я хочу чтобы сегодня мне приехали и сделали"
Отопление,0.95,Житель сообщает об отсутствии тепла,в большой комнате нету тепла
Электроснабжение,0.95,Не работает светильник в подъезде,у нас в подъезде в четвертом на первом этаже как только заходишь подъезд с левой стороны есть светильник он у нас сейчас не работает не горит и поэтому в подъезд заходишь очень темно пока не поднимешься до первого этажа светильник на первом этаже не включается
Водоснабжение,0.7,"Протечка на кухне, вероятно, связана с водой",Не устранили протечка в на кухне я уже приглашала слесарей и всё равно ничего не происходит ничего не это не исправлено Пусть приходят и делают
НЕЯСНО,0.9,"Просьба перезвонить, суть проблемы не указана",пусть перезвонит оператор пожалуйста хватит уже
Ремонт,0.9,"Поломка сифона под раковиной, требуется ремонт","у меня сломался сифона в раковине под раковиной на кухне мне надо отремонтировать его срочно
я инвалид второй группы хожу очень плохо желательно срочно сделать это то устранить это это аварию эту"
Уборка уличная,0.9,Жалоба на сброс снега с соседнего дома,у меня ничего соседний дом снег во валют на нашу территорию тридцать а дом тридцать а валит снег на нашу территорию
Электроснабжение,0.6,"Упоминание выключателя, вероятно, связано с электричеством","мне нужно посмотреть выключатель
больше ничего"
НЕЯСНО,0.95,"Нет описания проблемы, только отрицание",да ничего не случилось
Крыша,0.9,Житель сообщает о протечке потолка,у нас у меня потек потолок
Засор водоотведения,0.9,Просьба прочистить стояк на кухне,надо прочистить стоять на кухне
НЕЯСНО,0.3,"Фраза неполная, нет сути обращения","нормально
с четверга в квартире"
Электроснабжение,0.95,Сломан выключатель света в подъезде,"у нас в первом подъезде
да вандалы сломали кнопку включения выключения света в подъезде"
Электроснабжение,0.3,"Упоминание отключения, но неясно чего",просто мне сказали что у нас отключат
Уборка уличная,0.95,просьба убрать снег во дворе,во дворе почистить снег машины не выезжают
Электроснабжение,0.95,Отсутствие напряжения в доме со столба,Нету напряжения в дом со столба
НЕЯСНО,0.1,Текст не содержит информации о проблеме,нет это премия которая
Иное,0.9,Житель сообщает о заливе соседей,у нас я затапливаю соседку
Электроснабжение,0.95,Житель сообщает о неработающих электроприборах,"ну че то вдруг меня стали азерота вот нет
это вернее не могу не работает ни телевизор ни это не могу это включаю в розетку а он мне не работает
Колесико Веры Города Пожалуйста Пошлите То Мне Я Не Могу Без Розеты"
Отопление,0.95,Житель сообщает об отсутствии тепла,"у нас нет тепла как всегда
Адрес Не Телефон Неправильно Вы Записали Восемь Девятьсот Четыре Пять Восемь Тридцать Шесть Девяносто Два"
Отопление,0.95,Житель сообщает об отсутствии тепла,до сих пор тепла нет в доме
Иное,0.95,Передача показаний счетчика не относится к аварийным заявкам,мне нужно передать показания счетчика
НЕЯСНО,0.3,Не указан объект поломки и контекст,"сломался
сломался автоматически включать или на электроплиту"
НЕЯСНО,0.1,"Нет описания проблемы, только просьба",Соедините меня с диспетчером
Водоснабжение,0.9,Упоминание отсутствия воды в целом,ваде нету со вчерашнего вечера нету
Водоснабжение,0.9,"Не работает водоразборная колонка, замерзла",у нас случилось на нашем районе не работает колонка пять дней уже замерзшая а вот это надо
Ремонт,0.6,"Просьба о вызове техника, без уточнения",мне нужно сделать заявку на техника
Иное,0.9,"Просьба соединить с юристом, не ЖКХ",я хочу с юристом переговорить
Иное,0.7,"Жалоба на шум моторов, не связана с ЖКХ",проводы отключите пожалуйста под квартиры включено все гром стоит пусть выключат на улицу прямо через подъезды невозможно дышать нечем эти моторы включенные моторы
Уборка уличная,0.95,"Житель просит вывезти мусор с чердака, сброшенный во двор.",у нас очистили чердак весь мусор с чердака спустили во двор две огромные кучи и вот теперь дождем поливает ждем когда снегом завалит хотела бы чтобы вы вывезли этот весь мусор
Электроснабжение,0.7,"Вероятно, речь об отсутствии света",Нет подъезд комнате вчерашнего дня
Уборка внутренняя,0.95,Жалоба на уборку подъезда,у нас не моется подъезд уже полтора месяца
Уборка внутренняя,0.95,"Просьба о мытье подъездов, внутренняя уборка",нужна уборщица для мытья подъездов.
Иное,0.9,Просьба отменить заявку без уточнения темы,"отмените мою заявку
женщина упертая я буду звонить пока вы мою заявку не отмените"
Водоснабжение,0.7,"Упоминание насоса, вероятно, водоснабжения","хочу чтоб посмотрели насос
хотелось бы в кратчайшие сроки чтобы устранили эту неполадку"
Электроснабжение,0.9,Упоминание отсутствия света на этаже,где то света на этаже
Водоснабжение,0.6,"Возможна протечка воды, неясно какая","затопило кухню
сейчас"
Иное,0.8,"Сырость и протечка стены, не связанная с инженерными системами",у нас в подъезде не в подъезде на коридоре возле щитка сыра вся стена сырая это на втором этаже на третий тоже там что тут на четвертом это на третьем этаже а на четвертом там и оттуда откуда то течет но у людей у всех сухо
Отопление,0.95,Настройка температуры теплоснабжения относится к отоплению,настроить температуру теплоснабжения
Отопление,0.7,Пар из подвала может указывать на утечку теплоносителя,идет парк с подвала возле первого подъезда
Иное,0.95,"Вопрос о стоимости квартплаты, не относится к аварийным службам",здравствуйте мне нужно поговорить узнать о стоимости квартплаты
Иное,0.9,"Вопрос о плате за доступ и техосмотре, не связан с ЖКХ","так хочу вот мне пришло давно уведомление до пятнадцатого сентября нужно было уплатить за доступ
да нужно я хочу узнать у меня ведь пройден этот осмотр технический или нет но приходили ко мне двое мужчины"
НЕЯСНО,0.9,Вопрос не содержит сути заявки,что хорошо я спрашиваю вы записали номер телефона
Отопление,0.9,Упоминание подключения парового отопления,я просто звоню по поводу когда подключать будут паровое в нашем в наш дом в наш подъезд потому что я пришла с дачи вот и мне надо чтобы это самое уже подключили
Уборка уличная,0.95,Просьба расчистить снег возле подъезда,надо расчистить снег возле подъезда скажи
НЕЯСНО,0.95,"Заявка не озвучена, суть обращения неизвестна",соедини с диспетчером заявка не озвучена
ГВС,0.9,Полотенцесушитель обычно работает от горячей воды,в данной комнате не греют полотенце сушитель
Иное,0.6,"Нет конкретной проблемы, только жалоба на ожидание",а чем целый одиннадцать жду жду ничего
Крыша,0.9,Течь с балкона указывает на проблему с крышей,Течёт балкон надо это всё зафиксировать
Крыша,0.95,"Течь потолка с крыши, указан этаж",у нас течёт потолок с крышей пятый этаж
Отопление,0.95,жалоба на негреющие батареи в комнатах,"девушка у нас бодрее не греет одна в кварианкой комнате одна где то вторая не греет
больше ничего пускай приходит делают"
Иное,0.7,"Открытый люк на улице, не связан с ЖКХ","я ходила по улице и в нашем районе нашла открытый люк 
 
между терминалом находится и между двадцать седьмым домом он находится там где ставят машины другой дом там положено или квадратный коричневый поролоновый этот самый"
Уборка уличная,0.9,"Просьба почистить двор, уборка территории","нужно почистить двор
я заказывал чистку еще вчера на сегодня"
Отопление,0.85,"Упоминание выпуска воздуха, перекрыто, авария, вероятно, отопление",вот в большой комнатной та первого этажа приходили товарищи я воздух вроде выпускала и не получал там где то перекрыто это завтра это аварии да подожди мол
НЕЯСНО,0.6,Нет конкретной информации о проблеме,"не работает
а вы че уже записали ладно"
Крыша,0.95,Протечка с крыши на пятом этаже,пятый этаж бежит с крыши потолок протекает по стенам и посередине комнаты
НЕЯСНО,0.9,Просьба соединить с диспетчером без указания проблемы,"на диспетчера переключите
с диспетчером соедините"
Уборка уличная,0.9,"Вопрос про чистку дворов, относится к уборке",кто отвечает за чистку дворов
Отопление,0.95,Житель сообщает об отсутствии тепла,У меня нет тепла в доме уже дали тепло всегда надо ремонт что-то там продувает где-то что-то пропускать
Водоотведение,0.9,"Открытый люк канализации, угроза провала",провалился канализационный люк внутрь открыт люк полностью
Отопление,0.9,Житель жалуется на холодные батареи,тайки в квартире очень холодные то есть они два теплые
Крыша,0.95,Житель просит убрать снег с крыши,хочу составить заявку по уборке снега с крыши вот последний этаж нас беспокоит этот вопрос
Уборка уличная,0.95,Житель сообщает о нечищенном дворе,не чищен двор между домами герцена сто двенадцать герцена сто десять
Иное,0.7,"Просьба покрыть крышу сарая углем, не аварийная",да хочу я живу по улице советской сто двадцать семь квартира пять я смотрю тут соседям крышу покрывают может быть у них останется у бюро ди заодно мне уголь на сарайку покроют потому что нам сказали что долго там еще тут жить и надо это заказ
Электроснабжение,0.95,Житель сообщает о перегоревшей лампе в подъезде,у нас свет нам бы нам свет у нас это в подъезде на первом этаже перегорела лампу темно очень
Электроснабжение,0.9,Замена розеток относится к электрике,розетки надо две поменять я уже деньги оплатила в платных услугах
НЕЯСНО,0.3,"Нет конкретной проблемы, просьба перезвонить","принять заявку
чтобы срочно оператор перезвонил"
ГВС,0.95,Просьба перекрыть вентиль на горячую воду,перекрыть вх.вентиль на горячую воду ждет в первой половине дня 15.07.25
Отопление,0.95,Житель сообщает об отсутствии тепла и холодном стояке,у нас нет до сих пор тепла в соседних квартирах появилось у нас нету весь стояк холодный
ХВС,0.95,Житель жалуется на низкое давление холодной воды,нет напора хол.воды ??..у нас меняли стояк с седьмого числа но давление у меня не поднялось у нас по секции полностью в пяти квартирах меняют стоят вот и я на пятом этаже живу так вот мне надо чтобы ну там мастер сказал что вроде бы
Отопление,0.9,Упоминание 'нет тепла' указывает на проблему с отоплением,"нет тепла но похоже дом шесть на военно осадном положении
а вот я не знаю мы наверное с вами уже скоро будем братьями и сестрами извините каждый день даю вам заявки"
ГВС,0.95,Запрос на передачу показаний горячей воды,мне надо передать показания по горячей воде
НЕЯСНО,0.9,"Нет конкретной проблемы, просьба перезвонить",пускай перезвонят звонили
Отопление,0.95,Течь батареи относится к системе отопления,"кв. 76 течь батареи пластина 
конечно как можно быстрее чтобы приехали"
Отопление,0.9,Просьба измерить температуру в комнате,измерить температуру в угловой комнате
Отопление,0.9,Упоминание отсутствия тепла в доме,а ничего не случилось просто ремонтные работы на трассе завершились или нет ремонте тепла нету в доме ремонт на трассе делает идет когда он закончится
Иное,0.95,"Запрос реквизитов, не связан с аварией",хочу узнать реквизиты управляющей компании
Отопление,0.95,Вопрос о тепле в комнате,когда будет тепло в большой комнате
Отопление,0.95,Упоминание отсутствия отопления и поиска тепла,"Отопление такси нету Ищу
Макеев Валерий Анатольевич Бумажников 14 корпус 2 квартира 40"
Отопление,1.0,Житель сообщает об отсутствии тепла,В квартире нет тепла
Водоснабжение,0.8,Разморозка колонки связана с подачей воды,разморозить колонку на малоэтажке
НЕЯСНО,0.95,"Нет конкретной проблемы, просьба отменить заказ",ничего не случилось надо отменить заказ двенадцать шестьсот то есть шестнадцать двести
Ремонт,0.85,Житель сообщает о сыпящейся штукатурке и пятне на стене,а знаете у нас вот я живу на четвертом этаже на пятом со стороны коридора со стороны лестницы на стене такое вот даже дожди не было а пятно такое и сыпется штукатурка даже или наверху там или что не понятно она легко там мы не знаем там какие то въехать все или не ехали там квартира пустовала
Отопление,0.95,Житель сообщает об отсутствии тепла в доме,"у нас нет тепла сказали что наш дом подключили еще четвертого числа сегодня уже седьмое тепла нет
первом подъезде нет у нас тепла говорю"
Электроснабжение,0.95,Проблема с предохранителем в розетке,выбило предохранитель на розетке
Отопление,0.95,Житель сообщает об отсутствии тепла,у нас нет тепла до сих пор в думе
НЕЯСНО,0.3,Не указана суть проблемы,у нас на площадке на на втором этаже
Иное,0.9,"Житель запрашивает диспетчера, а не проблему",у меня заявка уже есть сорок два триста девятнадцать я хочу диспетчера услышать
Иное,0.6,"Фраза неясна, возможно, речь о затоплении",отсутствуют затопление в квартире
Иное,0.9,Вопрос не относится к ЖКХ услугам,я хочу узнать куда мне обратиться чтобы сообщить о смерти проживающего
НЕЯСНО,0.9,"Нет конкретной проблемы, только уточнение",не знаем вот хотели бы уточнить
Засор водоотведения,0.95,Упоминание засора и ванны,засор вас засор стойко ван
Иное,0.9,"Просьба отменить заявку, не связана с ЖКХ","отменить заявку
отменить заявку"
Отопление,0.7,"Упоминание проблемы в одной комнате, вероятно, батарея",а у нас только в одной комнате крет
Иное,0.7,"Пар из подвала, не относится к инженерным системам",у меня ничего не случилось в подъезде это самое парит все сыра из подвала идет пар
Водоснабжение,0.8,"Протечка после замены водосчетчика, связана с водой",некачественно оказанной услуги поменян водосчетчик после после которого обнаружилась протечка протечка к соседям в нижнюю квартиру то есть нужен кроме устранения
Отопление,0.9,"Упоминание холодных стояков, вероятно, батарей отопления","холодной стояк на кухне и в гостиной комнате 
 
холодные стояки на кухне в гостиной комнате"
Электроснабжение,0.9,"Наклон уличного фонаря, угроза падения",у нас уличные железный фонарь около третьего подъезда очень сильно наклонившись и скорее всего он упадёт надо посмотреть что то ним делать
Отопление,0.95,Житель сообщает об отсутствии тепла,я звоню от жильцов дома о том что у нас нету тепла сегодня двадцать девятое число уже ой двадцать восьмое то есть
Засор водоотведения,0.9,Протечка бачка унитаза относится к водоотведению,протекает  с бочка туалета
НЕЯСНО,0.3,Текст не позволяет определить суть проблемы,Аппарат подключён Прямо в квартиру у Никитиной с новым и надо снять потому что уже 5 месяцев гудят я не дочь
Отопление,0.95,Упоминание отсутствия тепла в квартире,частично отсутствует тепло в квартире
Электроснабжение,0.95,Отсутствие света во всем доме,отсутствует света во всем доме
НЕЯСНО,0.1,Текст не содержит информации о проблеме,"дичь 
 пожилая женщина ей бы желательно сегодня"
Иное,0.6,Жалоба на невыполнение работ без уточнения темы,"у меня не выполнили работы я две недели жду наверное я опять буду звонить начальству
я уже добавила я наверное выйду опять на начальство там мастера уже сняли начальника участка мастера передвинули"
Засор водоотведения,0.8,"Упоминание забитого стояка, вероятно канализации","я вчера заказывал
там стояк задетый забитый вес"
Отопление,0.95,Житель сообщает об отсутствии тепла в стояке,по всему стояку у нас тепла нету дом уже к теплу подключен а тепла нету мы замерзаем совсем тут
Домофоны,0.9,Упоминание электронного замка в подъезде,"надо починить электронный замок
в семнадцатом подъезде нет ниче не хочу дай мне оператора
Зачем Вам Фамилия Оператора Я Поговорю С Оператором"
Электроснабжение,0.95,Взрыв в щитке указывает на проблему с электричеством,Взрыв в щитке Вы долго будете писать или уже пожарную надо звать
Отопление,1.0,Житель сообщает об отсутствии тепла,"нет тепла в квартире
хочу хочу чтобы было тепло"
НЕЯСНО,0.9,"Нет описания проблемы, только просьба соединить","соедините с диспетчером
соедините с диспетчером"
Иное,0.6,Просьба о машине без уточнения проблемы,"нужна ас машина
уточнить почему машина до сих пор не приехала"
Ремонт,0.7,"Упоминание несущей стены, вероятно, требуется ремонт",стена которые несущие между подъездами
Отопление,0.95,Упоминание отопительной системы и отсутствия подключения,нет подключения к отопительной системе
Водоотведение,0.8,Запах канализации в подъезде и квартире,Запах неприятный в подъезде и в квартире
НЕЯСНО,0.9,"Просьба перезвонить, суть проблемы не указана","пусть перезвонит оператор
перевести на оператора"
Крыша,0.95,Вода льет с крыши на этаж,"значит с крыши фонтаном вода льет на пятый этаж
Адреса Достаточно Советский Проспект Семьдесят Пять А Двадцать Четыре"
НЕЯСНО,0.3,"Фраза неразборчива, нет конкретной проблемы",ска скатывают это э а озон
Водоснабжение,0.7,Затопление квартиры обычно связано с водой,Ночью был вызов что затопляет квартиру
НЕЯСНО,0.95,"Нет конкретной проблемы, только недовольство диспетчером","записывайте по записывайте повнимательней заявку от какого дома вам дается заявка записались значит опять шесть или я не знаю что дом шесть а еще раз говорю до свидания
Нет Имя И Фамилию Называть Не Буду Я Не На Приеме У Следователя"
Водоотведение,0.7,"Упоминание люка, вероятно, канализации",ну знаете у меня под окошком канонизационный люк
Отопление,0.95,Упоминание отсутствия тепла по стояку,по стояку в наших квартирах нет тепла
Крыша,0.95,Упоминание протечки крыши во время дождя,Когда шли дожди у нас текла крыша
Отопление,0.95,Житель сообщает об отсутствии тепла,нет тепла в комнатах
Иное,0.6,Упоминание оставленной заявки без уточнения темы,я вам вчера оставляла заявку
Отопление,0.95,Житель сообщает об отсутствии тепла,Нет в квартире нет тепла
Водоотведение,0.8,"Затопление подвала, вероятно, связано с водоотведением",в доме это в подвал весь полностью затоплен Лесная 4а-1
НЕЯСНО,0.1,Только номер квартиры без проблемы,а квартира сорок восемь
Отопление,0.95,Житель сообщает об отсутствии тепла на стояке,нет тепла в доме тепло есть по нашему стояку нет тепла
Отопление,0.95,Житель сообщает об отсутствии тепла в комнате,В одной из комнат большой меч оплате вообще безобразие вообще нет тепла
Отопление,1.0,Житель сообщает об отсутствии тепла,нет тепла по всему дому
Водоснабжение,0.6,Залив соседей часто связан с водой,у нас мы мы залили соседей
Уборка уличная,0.9,Просьба очистить двор от снега/мусора,надо почистить двор поповича от комсомольской до нашего дома прочистили
Уборка уличная,0.9,Упоминание снега во дворе,во дворе оплатить здесь снег
Крыша,0.95,Упоминание протечки кровли в подъезде,записывайте срочно течет кровля в 4 подъезде
Водоснабжение,0.8,Колонка обычно относится к водоснабжению,у нас замерзла колонка
НЕЯСНО,0.9,"Просьба передать трубку, суть проблемы не указана",оператору пожалуйста дай трубочку
Иное,0.6,"Не указан тип протечки, требуется уточнение",ну у меня течет еще с осени я два раза
НЕЯСНО,0.9,"Нет описания проблемы, только просьба о соединении","хочу диспетчера поговорить
жду оператора"
Электроснабжение,0.9,Запрос ключа для доступа к электросчетчику,нужен ключ для доступа к электросчетчикусо созвонились дан тел Вологдакоммунэнерго
НЕЯСНО,0.9,"Просьба соединить с конкретным человеком, не заявка","телефончику
мне нужна любовь леонидовну ее голос живой"
ГВС,0.9,Полотенцесушитель относится к системе горячего водоснабжения,Течь полотенцесушителя в помещении библиотеки
НЕЯСНО,0.1,"Текст неразборчив, нет конкретной проблемы ЖКХ",возможно дышать зашипела все вообще квартира шипит опять это скачивает этот скачивание опять этого мобильного приложения озон сто восемь они опять подключили подпалы под этот подоконник
Иное,0.9,"Просьба отменить заявку, не связана с ЖКХ","отменить заявку
отменить заявку"
Электроснабжение,0.9,Замена электросчетчика относится к электроснабжению,замена электросчетчика пакет пакетник
Уборка уличная,0.9,Просьба очистить придомовую территорию,нужна чистка при домовой территории    Заявка передана
Отопление,0.95,Житель жалуется на отсутствие тепла,у вас случилось вы нихрена не делаете у меня тепла до сих пор нету
Ремонт,0.9,Заявка на ремонт после затопления из-за пробитого стояка,"Требуется сделать ремонт за счет  виновника затопления (кв. 1683)
В 16 подъезде на 16 этаже обсчитать стоимость ремонтных работ.
24.03.2026 собственником кв. 1683 был пробит стояк ливневой канализации и произошло подтопление 16 этажа."
Уборка уличная,0.9,Просьба сколоть лед у подъезда,"у четвертого подъезда у подвала налить нужно сколоть и сколоть лед около подъездов /2 под/ -заявка от кв,26"
Уборка уличная,0.9,Упоминание чистки двора и заваливания ливневки,сейчас погрузчик чистит наш двор с декабря месяца он заваливал левневку
НЕЯСНО,0.3,Фраза не содержит конкретной проблемы,и что я так и буду два дня это самое
Крыша,0.9,Упоминание работ на крыше и оголовка,установить на крыше.прикрутить оголовок.валяется на крыше.
Крыша,0.95,Житель сообщает о протечке с крыши,крыша течет по окну прямо все в комнату
Иное,0.95,"Просьба отменить заявку, не связана с аварией",мне нужно отменить заявку номер сорок пять шестьсот шестьдесят три
Электроснабжение,0.95,Упоминание пропажи напряжения в сети,пропало напряжение в сети сто двадцать вольт всего сто двадцать
Отопление,0.95,Житель сообщает об отсутствии тепла,так случилось нам тепло надо дать во всех домах есть тепло у нас у меня в тридцать третий и в нашей нет тепла
Иное,0.6,Не указана конкретная проблема ЖКХ,очень большой звук стоит на полдома
Отопление,0.95,Житель сообщает о нестабильной подаче тепла,"тепло дали на один час и опять вырубили
да я уже устала звонить сколько можно"
Иное,0.6,Не указана конкретная проблема или объект,внизу на северной стороне открыт
Отопление,0.95,Упоминание ожидания подачи тепла,"хочется узнать когда нам дадут тепло дело в том что у нас тут дом то ремонтируют
тепло будет вся заявка"
НЕЯСНО,0.9,"Нет конкретной проблемы, только отрицание",у меня ничего не случилось в подъезде
НЕЯСНО,0.9,Просьба соединить с диспетчером без указания проблемы,"с диспетчером соедините пожалуйста
хочу диспетчера услышать"
НЕЯСНО,0.9,Нет информации о проблеме,"да
так заявка уже есть девушка"
Водоотведение,0.95,Запах канализации из ванны,ванна воняет невозможно канализационными стоками
