category,confidence,reason,description
Отопление,0.97,"Нет тепла в квартире, частичный обогрев",нет тепла трехкомнатная квартира только в одной комнате тепло
Уборка уличная,0.72,"Урна у подъезда сломана, нет дна",урна предподъездная нет дна
НЕЯСНО,0.2,"Неясно что именно не работает, нет деталей","часик не работает
ниче не хочу"
Крыша,0.82,"Выломана дверь выхода на крышу, холод в подъезде",на со слов заявителя на двери выхода на крышу выломали дверь холод заходит в подъезд просят сделать двери закрыть их
Отопление,0.97,Жалоба на отсутствие тепла в квартире,"значит нам полчаса назад дали тепло
На Кухне И В Спальне Отключили Тепло Почему У Нас Очень Холодно Невозможно Спать Невозможно Ничего Делать"
Отопление,0.95,Нет тепла после подачи отопления в доме,"у нас случилось дали тепло у нас его нет
пусть внимательно ремонтируют"
Отопление,0.82,"Завоздушенность системы, мастера не устранили проблему","завоздушенность
да серра с утра приезжали и посмотрели у них не оказалось ключей от подвала и они уехали ничего не сказал все"
Уборка уличная,0.97,Просьба убрать снег на дворовой территории,необходимо убрать дворовую территорию от снега
Ремонт,0.85,Установка крана на кухне — сантехнический ремонт,"Нужно  поставит  кран ,на кухне"
НЕЯСНО,0.15,Текст слишком короткий и неинформативный,под э так в первом подъезде
НЕЯСНО,0.95,"Текст бессвязный, суть обращения не определена",я хотел нужен че непонятно говорю
НЕЯСНО,0.95,"Житель спрашивает о статусе заявки, суть проблемы неизвестна",заявка двадцать девять триста два что с ней
Отопление,0.97,Жалоба на отсутствие тепла в комнате и кухне,случилось то что нет тепла я уже звонила вчера звонила так ничего и нет нет тепла в одной комнате в кухне
Уборка уличная,0.97,Просьба убрать снег с придомовой территории,срочно почистить придомовую территорию от снега
Уборка уличная,0.7,Уборка снега во дворе и с крыши,расчистить территорию дворова снега и убрать снег с крыши где у подъезда
Водоотведение,0.82,Повреждение канализационной системы с протечкой через потолок,Нанесение повреждений потолочному покрытию сквозное в другую квартиру с повреждением канализационной системы
ХВС,0.85,Вопрос о передаче показаний счётчика холодной воды,здравствуйте я бы хотел узнать как мне передать показания счетчика холодной воды и куда это
Уборка внутренняя,0.82,"Загрязнение подъезда, требуется уборка внутри",кто то все время какает в подъезде сегодня опять
Отопление,0.95,"Нет тепла в квартире, нужно спустить воздух",В нашем подъезде есть тепло а у меня в квартире на пятом этаже тепла Нет нужно выпустить воздух в ванной на пятом этаже
Отопление,0.7,упоминание батарей и затопление соседей,"срочно вы меня сейчас зовите соседей в тикет 
 
батареики затопите соседей"
Водоснабжение,0.72,Утечка труб в подвале — водоснабжение,утечка инвестиционных труп в подвале
Отопление,0.95,Нет тепла после продувки системы отопления,В доме было тепло Мы продули сейчас опять тепла нету
Крыша,0.95,"Падение льда с крыши, угроза безопасности",с крыши упали ледины почти на человека
Уборка уличная,0.85,просьба убрать мусор после смены столбов,<ADDR> <ADDR> <ADDR> <ADDR> после смены столбов детки api из столбы оставлены просьба убрать мусор
Водоотведение,0.55,"Затопление, возможна авария водоотведения или водоснабжения","затопило
это не по заявке то срочно приехать"
Иное,0.6,"Требование снять козырек, административный вопрос",так вот нам приходят письма мы живем на втором этаже дом двухэтажный чтобы мы сняли козырек
Крыша,0.72,Обращение связано с доступом на крышу,на девятом этаже закрыт вход на крышу там упала птица попала птица ей никак не выбраться уже второй день она там кричит бессильно необходима помощь скрыть замок и выпустить птицу
НЕЯСНО,0.95,"Житель хочет связаться с оператором, суть обращения не указана",Не с оператором связаться с ним пообщаться
Уборка уличная,0.97,Жалоба на неубранный снег на улице,"не убран снег
срочно убрать снег"
Уборка уличная,0.93,"Не убирают мусор, сломан контейнер, антисанитария",помойку не убирают потому что видите ли контейнер сломан она уже три недели здесь тухнет вонище стоит неимоверное черви уже ползают крысы развелись табунами ходят вы ждете чтобы я позвонила губернатору в конце то концов когда это закончится они говорят контейнеров нет
НЕЯСНО,0.95,"Суть обращения не указана, только эмоции",что случилось ты планет со вчерашнего дня я вам ещё раз говорю
Отопление,0.95,Жалоба на отсутствие тепла в помещениях,нет тепла ванны маленькая комнате на кухне
НЕЯСНО,0.15,"Текст неразборчив, суть обращения непонятна",а вот у нас случилось было это самое полилось мы звони не это слышать вас
НЕЯСНО,0.95,"Текст обрывочный, суть обращения непонятна","в квартире этажом ниже получается 
 жизнь"
Отопление,0.95,Жительница уточняет статус заявки по теплу,"ну я уже как бы оставляла заявку мне сказали ее номер девятнадцать тысяч восемьсот тридцать один я хотела бы выяснить придут ли сегодня налаживать тепло
да хочу добавить номер телефона"
Ремонт,0.95,Ямочный ремонт придомовой территории,Ремонт придомовой территории (ямочный ремонт)
НЕЯСНО,0.95,"Жалоба на процесс, суть проблемы не указана",я сегодня уже два раза оставляла заявку сколько еще треде будем оставлять
Отопление,0.85,затоплен теплоузел — авария в системе отопления,<ADDR>    .у нас затоплен теплоузел
Уборка уличная,0.97,Жалоба на отсутствие уборки снега во дворе,уборка снега не производится во дворе
НЕЯСНО,1.0,Житель не изложил суть обращения,я с кем разговариваю с роботом или с человеком
Крыша,0.85,натечка кровли указывает на проблему с крышей,"натечка кровли
хочу с человеком поговорить"
Вентиляция,0.75,"Упоминание вентиляционного блока, выпал из стены",в вентиляционный блок выпал из стены
НЕЯСНО,0.4,Непонятно что именно гудит в подъезде,"в подъезде гудит
гудит очень сильно и долго гудит"
Иное,0.95,Житель хочет передать показания счётчика,"передать показания счетчика
показания счетчика"
НЕЯСНО,0.45,Запрос о контакте по насосу в ремонте,у кого конкретно я могу уточнить по общедомовому прибору по насосу который у нас в ремонте с кем мне можно связаться
Крыша,0.72,Глыба льда на крыше — угроза безопасности,<ADDR>- срочно снять глыбу льда с крыши нет дома света
Отопление,0.9,Нет парового отопления в квартире,Нету парового в трёхкомнатной квартире
НЕЯСНО,0.95,"Запрос на связь с оператором, суть обращения неясна","связь с оператором
связь с оператором"
НЕЯСНО,0.95,"Фраза обрывается, суть обращения не указана","в подъезде
в подъезде"
Засор водоотведения,0.93,"Подвал залит канализационными стоками, запах",в подвале течет струк говно три недели уже залит подвал дышать нечем сколько это будет продолжаться
Отопление,0.85,Замер температуры воздуха в квартире,мне нужен заявку на техника который пришел бы измерил температуру воздуха в квартире
Крыша,0.97,"Протекает крыша, обвалился потолок, ремонт не завершён",у нас протекает крыша и обвалился потолок вчера приезжали плотники закрывать там толью забивать крышу наполовину сделали и все
Крыша,0.95,Нависание снега с крыши здания,нависает снег с крыши
Отопление,0.72,Гудят трубы в тепловом узле здания,трубы которые блок видимо тепловой узел гудят
Ремонт,0.85,Замена детали сливного бачка унитаза,Замена трубки сливного бачка
Отопление,0.82,Пар из подвала — прорыв трубы отопления,между вторым и третьим подъездом из подвала идет пар
Ремонт,0.72,Просьба закрыть открытую фрамугу в подъезде,у нас на этаже нашем третьем подъезде на четвертом этаже стало быть и открыто фрамуг ну холод идёт и никто не соизволит столько времени закрыть представляет а я женщина уже пожилая я не могу у меня сил нет и вот я бы хотела попросить вас чтобы вы кого то послали чтобы
НЕЯСНО,0.95,"Житель просит оператора, суть обращения не указана","оператора мне включите пожалуйста
мне нужен оператор соедините пожалуйста не хочу разговаривать с автоответчиком"
НЕЯСНО,0.2,Непонятно о какой линии идёт речь,до сих пор нету этот линии
Ремонт,0.93,"Оторвался козырёк на доме, требует ремонта","<ADDR> козырёк оторвался на доме железово болтается оторвётся кому на голову
хочу чтобы побыстрее отремонтировали то оторвётся кому нибудь голову оторвёт козырёк этот"
Водоснабжение,0.7,"Прорыв трубы в подвале, тип воды неясен",в подвале прорвала трубу
НЕЯСНО,0.9,"Обращение к директору, суть заявки неясна",скажите вашему директору <NAME> если будет установи канал
ГВС,0.95,Передача показаний счётчика горячей воды,я бы хотела передать показания по горячей воде
Отопление,0.95,Просьба об отключении системы отопления,просьба отключить тепло
Домофоны,0.97,Требуется ремонт домофона,Ремонт домофона необходимо
Отопление,0.97,Житель сообщает об отсутствии теплоснабжения,отсутствует теплоснабжения
Иное,0.85,Упавшее дерево — не коммунальная неисправность,У нас случилась дерево упало
Отопление,0.97,Нет тепла на кухне и в ванной,я давала заявку у нас в кухне и в бане нет тепла в кухне ненадолго дали тепло и исчезла опять тепло опять нет тепла
НЕЯСНО,0.2,"Текст слишком фрагментарный, суть обращения непонятна",Отключено и Свистунов меня
НЕЯСНО,0.2,Не указано что именно нужно восстановить,в первом подъезде на четвертом этаже нужно восстановить
Вентиляция,0.85,"Забит дымоход, просит прочистить для колонки",в пятницу проверяли дымоходы человека у меня значит забито дымоход забит хотелось бы чтобы прочистили его чтобы муж было пользоваться колонкой
Иное,0.85,Запрос телефона службы выписки и прописки,"мне нужен телефон
выписки и прописки"
ХВС,0.72,"Полотенцесушитель холодный, вероятно ХВС/ГВС после ремонта",хотела у нас холодное полотенце сушитель после вчерашнего ремонта что то делали сотрудники ваши
НЕЯСНО,0.4,Конденсат с окна — неясна причина и система,Авария конденсат идёт с окна капает
Отопление,0.97,"Нет тепла в квартирах, батареи холодные",тепло в подъезде есть а в квартирах нет
Водоснабжение,0.82,"Насос водоснабжения в подвале, вода в целом",подкачивающий водяной насос в подвале
НЕЯСНО,0.95,"Нет сути обращения, только разговор о сотруднике","да
<NAME> то нету на месте она бы сказала что делать то"
НЕЯСНО,0.95,Текст не содержит сути обращения,"сведения передать на
пока нет"
НЕЯСНО,0.95,"Только адрес, суть обращения не указана","<ADDR>
что"
Отопление,0.85,Нет пара — отсутствие тепла/отопления,у нас ничего не случилось у нас семнадцатое число сегодня и у нас нет пара
Вентиляция,0.72,"Житель жалуется на нечем дышать, задыхается",тоже невозможно дышать нечем я задыхаю все вопросы звонила сейчас в департамент все вопросы на на <ADDR> звонила тоже все вопросы коммунальщик работает с этим вопросом задушили не
Отопление,0.97,Житель сообщает об отсутствии тепла в секции,у нас секции до сих пор нету тепла
НЕЯСНО,0.4,Не указана причина вызова мастеров,сегодня должны были прийти мастера в двенадцать часов дня мастеров не было
НЕЯСНО,0.2,Неясно что именно отсутствует у жителя,У нас нет Типа до сих пор
Иное,0.82,открытый люк на проезжей части улицы,на проезжей части по улице <ADDR> напротив бара <NAME> открытка  люк
Ремонт,0.82,Козырёк над квартирой требует ремонта/укрепления,козырек это самое на квартире номер <ADDR> скоро упадет можно его сделать
Электроснабжение,0.87,Шум электрического щитка на первом этаже,на первом на первом этаже шумит электрический ящик
Электроснабжение,0.55,упоминание розетки — электрическая инфраструктура,у нас нужно проверить цвет розетку
Водоснабжение,0.4,"Упомянута сантехника, конкретика отсутствует",проблема с сантехникой
НЕЯСНО,0.4,"Неясно о чём шум, возможно вентиляция или трубы",вот ночью вот на дворе это надо спать ложиться а посредине квартиры очень шумно они подтянули все по насреддину от от ванны и на балкон на балкон в общем
Иное,0.7,Просьба убрать мусорный контейнер,"надо убрать контейнер мусорный
перезвоните на мой номер телефона"
НЕЯСНО,0.3,Неясно что именно протекает и где,"протекает
уже миллион раз было"
НЕЯСНО,0.4,"Житель отменяет заявку, суть аварии не указана",я звонила делала заявку но это у нас внутренняя там авария я отменяю заказ
НЕЯСНО,0.95,"Житель сообщает о пропущенном звонке, суть обращения неясна",у меня от вас пропущенный звонок
Уборка уличная,0.7,просьба почистить территорию возле магазина,почистить надо возле магазина <ADDR>
Крыша,0.9,Житель упоминает крышу как проблему,у нас крыша крыша еще
НЕЯСНО,0.2,"Фрагментарный текст, суть обращения неясна","счет стояк
да вы че это вчера"
НЕЯСНО,0.95,Текст не содержит информации о проблеме,ну <NAME> иди посмотри
НЕЯСНО,0.3,"Контекст неясен, суть проблемы не определена","так у меня уже вчера вызывала 
 
да приходили но сказали надо гибкую это подвязку и до пятидесяти и две дойти я купила пусть приходят тогда"
Уборка уличная,0.95,"Жалоба на неубранные дворы, проезд затруднён",так дворы нечищенные невозможно ходить даже скоро проехать не может ни такси ни скоро ничего не вызвать
Иное,0.85,Жалоба на неработающий газ в квартире,у меня газ не работает хотел
Иное,0.82,Провал асфальта во дворе около подъезда,у нас во дворе около подъезда проваливается асфальт или там что то
Отопление,0.82,"Нет тепла в комнатах, дом подключён к отоплению",ни в одной комнате нет затопления хотя дом уже вроде подключили
Водоснабжение,0.85,"Нет давления воды, этаж не уточняет тип",4 эт. нет давления воды
Крыша,0.7,"Упомянута крыша, просьба перезвонить","капа от крыша
пускай перезвонит"
Крыша,0.95,"Течёт с кровли в подъезде, квартиры 85 и 83",у нас подъезде течет с кровли кв. <ADDR> и <ADDR>
Иное,0.85,"Поломка бытовой техники, не относится к ЖКХ",стиральная машина вышла из строя
Отопление,0.97,"Нет тепла в квартире, холодно, влажно",У нас нет тепла говорят везде есть моей квартире нет тепла уже как-то очень влажно холодно
НЕЯСНО,0.95,Текст не содержит сути обращения по ЖКХ,"цвета 
 пока нет жду ответа на этот вопрос"
Крыша,0.95,"протечка с чердака, потолок в пузыре","значит по адресу <ADDR> протечка с чердака
потолок в пузыре"
НЕЯСНО,0.2,"Фраза обрывается, суть проблемы не ясна",у меня ванная получается стена прилегает к
Отопление,0.97,Житель сообщает об отсутствии тепла в доме,"у нас нет тепла
хотим узнать подключен ли вообще наш дом"
Отопление,0.99,Житель сообщает об отсутствии тепла в доме,до сих пор нет тепла во всем доме
Ремонт,0.55,"Сырая стена, возможно протечка или влажность","стенка сырая 
 
даша приехала аварийная служба посмотрела зафиксировалась в сырую стену около розетки"
Отопление,0.97,"Нет тепла в комнатах, батареи холодные",вот дали тепло а у нас в комнатах тепла нет только на кухне и ванной
ГВС,0.6,"упоминание банной и холодной воды, аварийная","вы понимаете вчера вызывали аварийную
из банной холодный уходила на работу вчера приезжали заявка была сделана приезжали"
Отопление,0.9,Не работает обогреватель в подъезде,не работает в подъезде обогреватель// 2 под
Уборка внутренняя,0.93,Жалоба на отсутствие уборки в подъезде,у нее нет уборки подъезда второй месяц
Отопление,0.9,Жительница спрашивает когда подключат тепло,так вот я сделала заявку а когда подключат в комнатах тепло у нас на пятом этаже никто не живет
НЕЯСНО,0.4,Неясно что именно имеется в виду под дорогой,я хочу узнать прочищенная или дорога к этому дому
Водоснабжение,0.85,"Прорыв трубы, затопление нескольких этажей",прорвала трубу затапливает первый и второй этаж
НЕЯСНО,0.95,"Указан только адрес, суть обращения отсутствует",<ADDR>
НЕЯСНО,0.2,"Текст неразборчив, суть обращения непонятна",мне это пеня в комнате
Вентиляция,0.55,"просят пропустить воздух, вероятно вентиляция",мы приехали домой нам нужно пропустить воздух сиря пусть подойдут
Электроснабжение,0.95,Не работают розетки — проблема с электроснабжением,"не работают розетки
можно будет подойти завтра в течение дня
Диспетчер - Направила в техотдел, заявка платная."
НЕЯСНО,1.0,Текст не содержит информации о проблеме,"у нас 
 
больше ничего"
Отопление,0.9,Запрос на подключение к системе отопления,хотим подключиться к теплу
Крыша,0.97,Просьба составить акт протечки с крыши,составить акт протечки с крыши
НЕЯСНО,0.2,"Упомянут подъезд, суть обращения не ясна","третий подъезд
в подъезде"
НЕЯСНО,0.3,"Непонятно что гудит, объект не указан",опять гудит стоят все сильнее сильнее
Крыша,0.95,Течь в подъезде из-под крыши,течь в подъезде из под крыши
НЕЯСНО,0.3,"Непонятно что именно забито, нет контекста","забито
да быстро вычистить"
Отопление,0.97,Житель сообщает об отсутствии тепла,"нет тепла
а че больше то добавить нет теплатак"
Иное,0.93,Засор мусоропровода в подъезде,Полностью забит мусоропровод в третьем подъезде
Электроснабжение,0.85,Сбой напряжения в электросети — проблема электроснабжения,"сбой напряжения в электросети
что вы пришли сегодня"
Электроснабжение,0.95,Не работают розетки в комнате,Розетки в комнате не работают
Отопление,0.95,"Жалоба на частичное подключение отопления, греет один стояк",когда будет тепло два дня подключали один стояк только греет
Водоотведение,0.55,"Вонь в подъезде, вероятно запах канализации",у нас в подъезде дикая вонь и очень много этих
НЕЯСНО,0.95,"Житель хочет подать жалобу, суть не указана",сегодня ничего не случилось я насчет вчерашнего я хочу пожал жалобу
НЕЯСНО,0.2,Не указано что именно отключили и не включили,Отключили и не включили
НЕЯСНО,0.95,"Житель спрашивает о времени приезда, суть заявки неясна","да 
 
во сколько не приедут вот хочу узнать
<PERSON> Я Только Сейчас Вам Это Говорила Девушка"
Отопление,0.95,Житель сообщает об отсутствии тепла,"нет тепла
хочу уточнить сроки"
Отопление,0.99,Житель сообщает об отсутствии тепла,нет тепла нет тепла ни в одной комнате заявка по тепло
Крыша,0.72,Просьба закрыть люк на чердак,закройте люк на чердак в первом подъезде
ХВС,0.72,жалоба на холодную воду под балконом,"балконом главное под балконом включили вообще не спать невозможно и холод
Попрошу Вас Попросит Скажите Чтобы Отключили Холодную Воду Кругон Под Балкон Невозможно Находиться В Квартире Когда Включат Эту Воду"
Уборка уличная,0.85,Просьба расчистить снег во дворе,"расчисти снег
простите нет хорошо во дворе"
Отопление,0.97,Жалоба на отсутствие тепла в помещениях,Нету тепла в кухне и в ванне
ХВС,0.72,Неисправность счётчика холодной воды в туалете,Да вы знаете отводного от водяного счётчика в туалете отвалились проводочки
Электроснабжение,0.45,"вероятно, речь о свете в тамбуре",в тамбуре нужно наладить цвет
Иное,0.85,Передача показаний счётчиков воды,я ничего не слышал надо передать показания счётчиков горячую и холодную
Отопление,0.99,Житель сообщает об отсутствии тепла в квартире,в квартире нет тепла
Ремонт,0.82,"Жалоба на незавершённый ремонт после пожара, побелка коридора",мне нужно побелить в коридоре после пожара до сих пор они до ума не довели они приехали во вторник недоделки сделали а в коридоре у меня не не побелили это что за хрень такая пусть диспетчер позвонит по этому телефону
НЕЯСНО,0.2,"Текст нераспознан, смысл обращения непонятен",у нас уже коза козырька капля пятая также
Иное,0.82,Вопрос о мусорных контейнерах и их принадлежности,"так мы хотели бы узнать насчет мусорных контейнеров на каком основании с тридцать седьмого признали контейнеры и сейчас люди из этого же дома носят нам мусор свой     Направлено письмо в  Департамент городского хозяйства,"
Засор водоотведения,0.85,Слив не работает — проблема водоотведения,2 подъезд слив не работает
Уборка уличная,0.82,Просьба очистить двор на улице,нашла очистить двор на <ADDR> а
Уборка уличная,0.97,Просьба убрать снег во дворе,нужно почистить двор от снега
Отопление,0.99,Житель сообщает об отсутствии тепла,"у меня отсутствует тепло
а что еще я могу добавить у меня нет тепла когда включат"
Уборка уличная,0.95,Просьба убрать дворовую территорию по адресу,убрать дворовую территорию <ADDR> <ADDR> трактора
Крыша,0.97,"Протечка с крыши, вода в комнате",Протечка с крыши над комнатой с люстрой пошла вода
НЕЯСНО,0.95,Не указана суть проблемы или тип обращения,мне нужен специалист
НЕЯСНО,0.3,"Неразборчивый текст, суть проблемы непонятна","чего случилось то что они вообще не знаю как ночевать сегодня весь день вообще такой саф такой страсти не было весь день буха отвез под балконом и вообще вся квартира ходом ходит так я прошу отключите
Я Не Знаю Подключили Всю Систему Подключили Общему Квадрату Нигде Нигде Спасения Нигде Нету"
Отопление,0.72,Житель спрашивает об отключении тепла,"у нас когда отключают тепло
возможно не помыться не пошел не помыть ничего"
Ремонт,0.72,Затопление квартиры с верхнего этажа,затоп со второго этажа на первый
Крыша,0.93,"Сосульки на крыше дома, падают, опасность",у нас на доме очень большие сосульки висят со стороны подъезда и со стороны магазина уже начали падать боимся
Отопление,0.97,Житель сообщает об отсутствии тепла,"у меня нет тепла
в кухне и ванне нет"
НЕЯСНО,0.3,"Непонятный текст про оплату, не ЖКХ-проблема",Почему не выключается оплату <NAME>
ГВС,0.93,Жалоба на отсутствие горячей воды,Что меня ничего не случилось так воду отключили горячую и я до сих пор у меня нету я не знаю на есть или нету я второй раз уже вам звоню а
Иное,0.85,"Передача показаний счётчиков, не аварийная заявка",нужно показания передать
Вентиляция,0.72,Проверка дымохода газовой колонки,Меня ничего не случилась была проверка горга заметка чтоб к вам позвонить чтобы пришли проверили дымоход колонки
НЕЯСНО,0.95,"Житель просит соединить с оператором, суть обращения не указана","соедините с оператором Перезвонили
да соедините с оператором"
НЕЯСНО,0.95,"Житель просит оператора, суть обращения неизвестна","оператора хочу
оператора хочу"
НЕЯСНО,0.85,"Житель спрашивает о работе МП ЖКХ, нет технической проблемы",я говорю я хочу спросить мп жкх работает ли сегодня
Иное,0.9,Запрос пропуска для автомобиля к подъезду,мне нужен пропуск на на автомобиль чтобы пропускали к подъезду
НЕЯСНО,0.95,"Фраза обрывается, тема начисления не уточнена",мне надо выяснить по поводу вторичного значит начисления за
Засор водоотведения,0.72,"плохо вытекает вода, вероятно засор слива",у меня плохо вытекает подавали
Водоотведение,0.92,"Запах фекалий, вероятная протечка канализации в подвале",в подъезде в квартире очень пахнет фикалиями скорее всего в подвале какая то протечка подвал закрыт на замок поэтому нужно приехать и открыть посмотреть и при необходимости все там откачать
Уборка уличная,0.93,Уборка двора и сосулек на улице,когда очистят наш двор и сосульки уберутся сольки скоро упадут на голову кому нибудь
Уборка уличная,0.9,Мусоровоз приехал во двор и уехал,во двор приехали убирать мусор развернулись и уехали
НЕЯСНО,0.95,"Житель отзывает заявку, суть обращения неизвестна",ничего не случилось я просто вам звонила хотела узнать а вы мне заявку я снимаю заявку эту
Водоотведение,0.7,"Септик — система водоотведения, требуют выезда","септик почистить
а хочу вот то что мы уже звонили но не приехали хотим чтобы приехали к нам срочно"
Иное,0.7,Животное застряло около подъезда,Около подъезда застрял кот
Отопление,0.95,Жалоба на отсутствие тепла в доме,у нас до сих пор нет тепла во всех окружающих домах тепло в нашем доме все еще нет занят займ
ГВС,0.55,Упоминание показаний горячей воды,да показания холодной воды ой горячей воды
Отопление,0.72,Не размораживается — проблема с замерзанием/отоплением,коронка на молоташе она не размораживается совсем
НЕЯСНО,0.95,"Текст бессвязный, суть обращения не определена",Случилась та что пусть отвечает Оставьте не ответит оператор
НЕЯСНО,0.95,Житель благодарит без указания сути обращения,все нормально все сделали я говорю спасибо вам
ГВС,0.87,прорыв горячей трубы в подвале,в подвале сама трубу прорвала горячую
НЕЯСНО,0.2,"Текст неразборчив, суть обращения непонятна",не моется лиски не можется подъезжать
Водоотведение,0.85,Проверка стояка канализации — водоотведение,проверить стояк канализации
Иное,0.7,Просьба обеспечить доступ в подвал,мне нужно попасть в подвал
ХВС,0.82,"Установка водосчётчиков, перекрытие стояка холодной воды","завтра придут устанавливать жилсервис водосчетчики необходимо перекрыть стояк Услуга платная,"
НЕЯСНО,0.95,"Суть обращения не раскрыта, просьба соединить","у нас истечет
я хочу соедините меня с оператором"
Засор водоотведения,0.82,"лужа под раковиной, возможен засор слива",меня вот меня меня меня затопило она меня меня затопила какая то черта черная какая то лужа под под раковиной
НЕЯСНО,0.2,"Неясно о чём жалоба, только упоминание этажей",Да сверху там не знаю Я живу на первом этаже от сверху второй этаж меня
ХВС,0.72,течь запорного вентиля холодного водоснабжения,течь входного вентеля
ГВС,0.97,Житель сообщает об отсутствии горячей воды,узнать почему горячей воды нет
Электроснабжение,0.85,Житель сообщает об отсутствии света,"света у нас нет
да нет ниче не хочу"
НЕЯСНО,0.95,"Жалоба на робота/программу, нет сути обращения","как отключить тупого робота
программу"
Водоотведение,0.82,Запрос на откачку выгребной ямы,мне надо мне заказать машину для выкачки ямы
Вентиляция,0.55,Запах в подъезде — возможно вентиляция или канализация,у нас очень нехороший запах три дня уже в подъезде
НЕЯСНО,0.95,"Нет описания проблемы, только служебная пометка",заявка некорректно оформлена
НЕЯСНО,0.2,"Текст неясен, суть обращения не определена",во второй нет мы уже столько сожгли этой энергии
НЕЯСНО,0.9,"Житель просит контакт специалиста, суть проблемы неясна",номер специалиста какой нибудь дать можете
НЕЯСНО,0.95,"Фраза обрывочная, суть обращения не ясна",соседи кто то сверху
Электроснабжение,0.9,Не работают розетки на кухне,не работает электроплита на кухне чайник не включается микроволновка не работает видимо вот эта розетка не работает на кухне
Крыша,0.97,"Повреждение кровли после циклона, сорвало рубероид и шифер",После циклона сорвало рубероид на крыше   веранды и шифер на крыше
Отопление,0.97,Житель жалуется на отсутствие тепла в доме,когда будет тепло в нашем доме мы уже вообще замерзли
Ремонт,0.85,Просьба установить поручни на лестнице подъезда,мне хотелось бы чтобы нам поставили поручные на лестницу входа в подъезд
НЕЯСНО,0.95,Житель благодарит без конкретной технической проблемы,спасибо вашему жеку и низкий потом всем сотрудникам за вашу отличную работу
Отопление,0.55,стучит по всей квартире после включения отопления,"подключено все с скачиванием мобильного приложения озон сто восемь по всей квартире стучит и всем это уже вот сутки и ночь и вчера включили вот сколько в четыре часа включили вечером
Оператора Нету На Месте Я Объяснила Бы В Чем Дело То Надо Убрать Это Все Они Они Прям У Меня Задушили Узанов Задушили Я Умираю Головные Боли Давление Снизилось"
Отопление,0.72,Завоздушенность чаще всего относится к системе отопления,заявка на устранение воздушности
Уборка внутренняя,0.85,Мусор у входа в подъезд,"завален вход в подъезд мусором
пока нет"
Иное,0.82,Повреждение имущества техникой при уборке снега,четвертого апреля я отправлял фотографию скриншот о том что погрузчик при расчистке снега раздавил телегу
НЕЯСНО,0.95,"Жалоба на обслуживание, суть обращения неясна",девушка я только что вам звонила какие пятнадцать тысяч можно мне ответить пожалуйста
Иное,0.85,Житель хочет передать показания счётчиков,хочу передать показания счетчиков
Домофоны,0.55,не перебирает подъезд — вероятно домофон,не перебирает подъезд
НЕЯСНО,0.35,"Упомянут водяной мотор, но суть жалобы неясна",в середине квартиры поставлено внизу мотор этот водяной он врет как прямо железно гремит бо всей квартире будет невозможно посередине я директору если я буду звонить
ГВС,0.85,Упоминание горячей воды и показаний счётчика,мы хотим подать заявку на на показания на горячую воду
Уборка уличная,0.97,Жалоба на неубранный снег на территории,снег не убран на территории
Отопление,0.85,Житель спрашивает когда подключат отопление,"когда будет отупление подключено пример и стенка 
 
всё"
НЕЯСНО,0.95,"Житель просит перезвонить, суть обращения не указана",пусть оператор перезвонит
НЕЯСНО,0.95,"Житель ждёт ответа по заявке, суть неизвестна",а когда со мной свяжутся я оставляла заявку
Крыша,0.97,Течь кровли — проблема с крышей,течь кровли после зимы
НЕЯСНО,0.15,"Текст неразборчив, суть обращения непонятна","сдерают
быстрее машина то прям сипат меня"
Иное,0.7,Просьба сбить сосульки и снег с крыши,Даёт снег надо скриншот сбить сосульки
Иное,0.85,Жалоба на неправильное начисление платежей,неправильно начисление
ГВС,0.85,Передача показаний счётчика горячей воды,мне нужно передать показания по счетчику на горячую воду
Уборка уличная,0.95,Жалоба на неубранный мусор у контейнеров,не убирается мусор у контейнеров
Водоснабжение,0.6,"протечка коммуникаций, вероятно трубопровод водоснабжения",протекает коммунизация
Водоотведение,0.9,Затопление квартиры из-за канализации,затапливает квартиру// канализация
Уборка уличная,0.95,"Жалоба на неубранный двор, проезд затруднён",не чищен двор невозможно проехать на машине
НЕЯСНО,0.15,Не указано что именно отключили,у нас отключили вот мне бы хотелось знать когда ее дадут
Иное,0.85,Запрос справки о составе семьи,так мне нужна справка о составе семьи для газовой службы
Отопление,0.97,Нет тепла по стояку во втором подъезде,не поступает тепло по стояку который второй подъезд стоят который выходит во двор
Отопление,0.92,"Холодно в комнате, батареи не греют",у меня стоят холодный в маленькой комнате я звонила еще двадцать четвертого числа до сих пор никто не приехал вот почему то вчера в двенадцатую квартиру так приехали
НЕЯСНО,0.95,"Не указана суть проблемы, только просьба приехать","безобразие вообще
я хочу чтобы вы приехали потому что я сегодня уеду вечером я хочу чтобы сегодня мне приехали и сделали"
Отопление,0.97,Жалоба на отсутствие тепла в комнате,в большой комнате нету тепла
Электроснабжение,0.97,Не работает светильник в подъезде на первом этаже,у нас в подъезде в четвертом на первом этаже как только заходишь подъезд с левой стороны есть светильник он у нас сейчас не работает не горит и поэтому в подъезд заходишь очень темно пока не поднимешься до первого этажа светильник на первом этаже не включается
Водоснабжение,0.72,"Протечка на кухне, слесари не устранили",Не устранили протечка в на кухне я уже приглашала слесарей и всё равно ничего не происходит ничего не это не исправлено Пусть приходят и делают
НЕЯСНО,0.95,Просьба перезвонить без указания сути проблемы,пусть перезвонит оператор пожалуйста хватит уже
Ремонт,0.82,"Сломан сифон под раковиной, просит починить","у меня сломался сифона в раковине под раковиной на кухне мне надо отремонтировать его срочно
я инвалид второй группы хожу очень плохо желательно срочно сделать это то устранить это это аварию эту"
Уборка уличная,0.72,Снег с соседнего дома попадает на территорию,у меня ничего соседний дом снег во валют на нашу территорию тридцать а дом тридцать а валит снег на нашу территорию
Электроснабжение,0.7,"Упомянут выключатель, вероятно неисправен","мне нужно посмотреть выключатель
больше ничего"
НЕЯСНО,0.95,Житель не сообщил суть обращения,да ничего не случилось
Крыша,0.8,Течёт потолок — признак протечки кровли,у нас у меня потек потолок
Засор водоотведения,0.85,Прочистка стояка на кухне — засор водоотведения,надо прочистить стоять на кухне
НЕЯСНО,0.95,"Текст обрывочный, суть обращения не ясна","нормально
с четверга в квартире"
Электроснабжение,0.9,Сломан выключатель света в подъезде,"у нас в первом подъезде
да вандалы сломали кнопку включения выключения света в подъезде"
НЕЯСНО,0.95,Не указано что именно будет отключено,просто мне сказали что у нас отключат
Уборка уличная,0.95,Просьба убрать снег во дворе,во дворе почистить снег машины не выезжают
Электроснабжение,0.95,Отсутствие напряжения в доме от столба,Нету напряжения в дом со столба
НЕЯСНО,0.95,Текст не содержит сути обращения по ЖКХ,нет это премия которая
Водоотведение,0.7,Житель сообщает о затоплении соседки снизу,у нас я затапливаю соседку
Электроснабжение,0.72,"не работает розетка, телевизор не включается","ну че то вдруг меня стали азерота вот нет
это вернее не могу не работает ни телевизор ни это не могу это включаю в розетку а он мне не работает
Колесико Веры Города Пожалуйста Пошлите То Мне Я Не Могу Без Розеты"
Отопление,0.97,Житель сообщает об отсутствии тепла,"у нас нет тепла как всегда
Адрес Не Телефон Неправильно Вы Записали <PHONE>"
Отопление,0.97,Житель сообщает об отсутствии тепла в доме,до сих пор тепла нет в доме
Иное,0.85,Житель хочет передать показания счётчика,мне нужно передать показания счетчика
НЕЯСНО,0.3,"Неясно что сломалось, контекст недостаточен","сломался
сломался автоматически включать или на электроплиту"
НЕЯСНО,0.95,"Просьба соединить с диспетчером, суть обращения не указана",Соедините меня с диспетчером
Водоснабжение,0.85,Нет воды с вчерашнего вечера,ваде нету со вчерашнего вечера нету
ХВС,0.82,"Не работает колонка, предположительно замёрзла труба ХВС",у нас случилось на нашем районе не работает колонка пять дней уже замерзшая а вот это надо
НЕЯСНО,0.2,Не указана причина вызова техника,мне нужно сделать заявку на техника
НЕЯСНО,0.95,"Житель хочет поговорить с юристом, не ЖКХ",я хочу с юристом переговорить
Вентиляция,0.55,"Шум от моторов, невозможно дышать, вентиляция",проводы отключите пожалуйста под квартиры включено все гром стоит пусть выключат на улицу прямо через подъезды невозможно дышать нечем эти моторы включенные моторы
Уборка уличная,0.92,"Мусор с чердака выгружен во двор, просит вывезти",у нас очистили чердак весь мусор с чердака спустили во двор две огромные кучи и вот теперь дождем поливает ждем когда снегом завалит хотела бы чтобы вы вывезли этот весь мусор
НЕЯСНО,0.15,"Текст бессвязный, суть обращения непонятна",Нет подъезд комнате вчерашнего дня
Уборка внутренняя,0.97,Жалоба на отсутствие уборки в подъезде,у нас не моется подъезд уже полтора месяца
Уборка внутренняя,0.97,Просьба об уборке и мытье подъездов,нужна уборщица для мытья подъездов.
НЕЯСНО,0.95,Просьба отменить заявку без указания её сути,"отмените мою заявку
женщина упертая я буду звонить пока вы мою заявку не отмените"
НЕЯСНО,0.4,Насос упомянут без указания системы/локации,"хочу чтоб посмотрели насос
хотелось бы в кратчайшие сроки чтобы устранили эту неполадку"
Электроснабжение,0.85,Нет света на этаже в подъезде,где то света на этаже
Водоснабжение,0.7,"Затопление кухни, источник воды не уточнён","затопило кухню
сейчас"
Крыша,0.72,течёт сверху стены сырые на верхних этажах,у нас в подъезде не в подъезде на коридоре возле щитка сыра вся стена сырая это на втором этаже на третий тоже там что тут на четвертом это на третьем этаже а на четвертом там и оттуда откуда то течет но у людей у всех сухо
Отопление,0.9,Запрос на настройку температуры теплоснабжения,настроить температуру теплоснабжения
Водоотведение,0.72,пар из подвала — возможная коммунальная авария,идет парк с подвала возле первого подъезда
Иное,0.85,"Вопрос о стоимости квартплаты, не техническая заявка",здравствуйте мне нужно поговорить узнать о стоимости квартплаты
НЕЯСНО,0.4,Неясно о чём уведомление и осмотр,"так хочу вот мне пришло давно уведомление до пятнадцатого сентября нужно было уплатить за доступ
да нужно я хочу узнать у меня ведь пройден этот осмотр технический или нет но приходили ко мне двое мужчины"
НЕЯСНО,0.95,"Житель уточняет запись номера, нет сути обращения",что хорошо я спрашиваю вы записали номер телефона
Отопление,0.97,Жилец спрашивает о подключении парового отопления,я просто звоню по поводу когда подключать будут паровое в нашем в наш дом в наш подъезд потому что я пришла с дачи вот и мне надо чтобы это самое уже подключили
Уборка уличная,0.97,Просьба расчистить снег возле подъезда,надо расчистить снег возле подъезда скажи
НЕЯСНО,0.95,"Житель просит соединить, суть заявки не озвучена",соедини с диспетчером заявка не озвучена
ГВС,0.85,Полотенцесушитель не греет — проблема горячей воды,в данной комнате не греют полотенце сушитель
НЕЯСНО,0.2,"Текст неразборчив, суть обращения непонятна",а чем целый одиннадцать жду жду ничего
Крыша,0.72,Течёт балкон — протечка сверху/кровля,Течёт балкон надо это всё зафиксировать
Крыша,0.97,"Течёт потолок на последнем этаже, крыша",у нас течёт потолок с крышей пятый этаж
Отопление,0.85,батареи не греют в комнатах квартиры,"девушка у нас бодрее не греет одна в кварианкой комнате одна где то вторая не греет
больше ничего пускай приходит делают"
Иное,0.82,"Открытый люк на улице, угроза безопасности","я ходила по улице и в нашем районе нашла открытый люк 
 
между терминалом находится и между двадцать седьмым домом он находится там где ставят машины другой дом там положено или квадратный коричневый поролоновый этот самый"
Уборка уличная,0.95,"Житель просит почистить двор, уборка территории","нужно почистить двор
я заказывал чистку еще вчера на сегодня"
Отопление,0.72,"Выпускали воздух из батареи, перекрыто",вот в большой комнатной та первого этажа приходили товарищи я воздух вроде выпускала и не получал там где то перекрыто это завтра это аварии да подожди мол
НЕЯСНО,0.95,"Суть обращения не раскрыта, объект не указан","не работает
а вы че уже записали ладно"
Крыша,0.97,Протечка с крыши на пятом этаже,пятый этаж бежит с крыши потолок протекает по стенам и посередине комнаты
НЕЯСНО,0.95,"Просьба соединить с диспетчером, суть обращения не указана","на диспетчера переключите
с диспетчером соедините"
Уборка уличная,0.9,Вопрос об уборке/чистке дворовой территории,кто отвечает за чистку дворов
Отопление,0.82,"Нет тепла, продувает, проблемы с отоплением",У меня нет тепла в доме уже дали тепло всегда надо ремонт что-то там продувает где-то что-то пропускать
Иное,0.82,Провалился/открыт канализационный люк на территории,провалился канализационный люк внутрь открыт люк полностью
Отопление,0.82,"Батареи в квартире холодные, нет тепла",тайки в квартире очень холодные то есть они два теплые
Крыша,0.85,"Уборка снега с крыши, последний этаж",хочу составить заявку по уборке снега с крыши вот последний этаж нас беспокоит этот вопрос
Уборка уличная,0.97,Жалоба на неубранный двор между домами,не чищен двор между домами <ADDR> <ADDR>
Крыша,0.7,Житель просит покрыть крышу сарая,да хочу я живу по улице <ADDR> я смотрю тут соседям крышу покрывают может быть у них останется у бюро ди заодно мне уголь на сарайку покроют потому что нам сказали что долго там еще тут жить и надо это заказ
Электроснабжение,0.97,Перегорела лампа в подъезде на первом этаже,у нас свет нам бы нам свет у нас это в подъезде на первом этаже перегорела лампу темно очень
Ремонт,0.82,"Замена розеток — платная услуга, ремонтные работы",розетки надо две поменять я уже деньги оплатила в платных услугах
НЕЯСНО,0.95,"Нет сути обращения, только просьба перезвонить","принять заявку
чтобы срочно оператор перезвонил"
ГВС,0.95,Перекрытие входного вентиля на горячую воду,перекрыть вх.вентиль на горячую воду ждет в первой половине дня 15.07.25
Отопление,0.97,"Нет тепла, холодный стояк в квартире",у нас нет до сих пор тепла в соседних квартирах появилось у нас нету весь стояк холодный
ХВС,0.92,нет напора холодной воды после замены стояка,нет напора хол.воды ??..у нас меняли стояк с седьмого числа но давление у меня не поднялось у нас по секции полностью в пяти квартирах меняют стоят вот и я на пятом этаже живу так вот мне надо чтобы ну там мастер сказал что вроде бы
Отопление,0.85,Житель сообщает об отсутствии тепла в доме,"нет тепла но похоже дом шесть на военно осадном положении
а вот я не знаю мы наверное с вами уже скоро будем братьями и сестрами извините каждый день даю вам заявки"
ГВС,0.85,Передача показаний счётчика горячей воды,мне надо передать показания по горячей воде
НЕЯСНО,0.95,Просьба перезвонить без указания сути обращения,пускай перезвонят звонили
Отопление,0.95,Течь батареи — проблема с отоплением,"кв. <ADDR> течь батареи пластина 
конечно как можно быстрее чтобы приехали"
Отопление,0.82,Замер температуры в комнате — тепловой режим,измерить температуру в угловой комнате
Отопление,0.85,"Нет тепла в доме, ремонт на трассе",а ничего не случилось просто ремонтные работы на трассе завершились или нет ремонте тепла нету в доме ремонт на трассе делает идет когда он закончится
Иное,0.95,Запрос реквизитов управляющей компании,хочу узнать реквизиты управляющей компании
Отопление,0.95,Житель спрашивает о тепле в комнате,когда будет тепло в большой комнате
Отопление,0.85,Житель сообщает об отсутствии отопления,"Отопление такси нету Ищу
<PERSON> <ADDR>"
Отопление,0.99,Житель сообщает об отсутствии тепла в квартире,В квартире нет тепла
ГВС,0.82,"колонка — устройство нагрева воды, разморозка",разморозить колонку на малоэтажке
НЕЯСНО,0.85,"Житель просит отменить заявку, нет технической проблемы",ничего не случилось надо отменить заказ двенадцать шестьсот то есть шестнадцать двести
Крыша,0.72,Пятно на стене и осыпающаяся штукатурка — возможное протекание сверху,а знаете у нас вот я живу на четвертом этаже на пятом со стороны коридора со стороны лестницы на стене такое вот даже дожди не было а пятно такое и сыпется штукатурка даже или наверху там или что не понятно она легко там мы не знаем там какие то въехать все или не ехали там квартира пустовала
Отопление,0.98,"Нет тепла в доме, батареи холодные","у нас нет тепла сказали что наш дом подключили еще четвертого числа сегодня уже седьмое тепла нет
первом подъезде нет у нас тепла говорю"
Электроснабжение,0.92,"Проблема с электрикой, выбило предохранитель на розетке",выбило предохранитель на розетке
Отопление,0.95,Житель сообщает об отсутствии тепла,у нас нет тепла до сих пор в думе
НЕЯСНО,0.95,"Фраза обрывается, суть обращения не указана",у нас на площадке на на втором этаже
НЕЯСНО,0.95,"Житель хочет связаться с диспетчером, суть заявки не указана",у меня заявка уже есть сорок два триста девятнадцать я хочу диспетчера услышать
Водоснабжение,0.55,"Упоминание затопления в квартире, вероятно протечка",отсутствуют затопление в квартире
Иное,0.85,Вопрос о порядке сообщения о смерти жильца,я хочу узнать куда мне обратиться чтобы сообщить о смерти проживающего
НЕЯСНО,0.99,Обращение не содержит конкретной сути проблемы,не знаем вот хотели бы уточнить
Засор водоотведения,0.7,Житель сообщает о засоре,засор вас засор стойко ван
НЕЯСНО,0.9,Просьба отменить заявку без указания сути,"отменить заявку
отменить заявку"
НЕЯСНО,0.4,Слово 'крет' не позволяет определить суть обращения,а у нас только в одной комнате крет
Вентиляция,0.55,"пар из подвала в подъезде, сырость",у меня ничего не случилось в подъезде это самое парит все сыра из подвала идет пар
Водоснабжение,0.85,Протечка после замены водосчётчика к соседям,некачественно оказанной услуги поменян водосчетчик после после которого обнаружилась протечка протечка к соседям в нижнюю квартиру то есть нужен кроме устранения
Отопление,0.9,Холодные стояки — проблема с отоплением,"холодной стояк на кухне и в гостиной комнате 
 
холодные стояки на кухне в гостиной комнате"
Иное,0.92,"Наклонившийся уличный фонарный столб, угроза падения",у нас уличные железный фонарь около третьего подъезда очень сильно наклонившись и скорее всего он упадёт надо посмотреть что то ним делать
Отопление,0.97,Житель сообщает об отсутствии тепла в доме,я звоню от жильцов дома о том что у нас нету тепла сегодня двадцать девятое число уже ой двадцать восьмое то есть
Водоотведение,0.85,Протечка из бачка унитаза в туалете,протекает  с бочка туалета
Электроснабжение,0.45,Упоминание подключённого аппарата и гудения,Аппарат подключён Прямо в квартиру у <NAME> с новым и надо снять потому что уже 5 месяцев гудят я не дочь
Отопление,0.97,Частично отсутствует тепло в квартире,частично отсутствует тепло в квартире
Электроснабжение,0.97,Отсутствует свет во всём доме,отсутствует света во всем доме
НЕЯСНО,0.95,"Суть обращения не указана, только контекст","дичь 
 пожилая женщина ей бы желательно сегодня"
НЕЯСНО,0.85,Жалоба на невыполнение работ без указания сути,"у меня не выполнили работы я две недели жду наверное я опять буду звонить начальству
я уже добавила я наверное выйду опять на начальство там мастера уже сняли начальника участка мастера передвинули"
Засор водоотведения,0.7,упоминание забитого стояка водоотведения,"я вчера заказывал
там стояк задетый забитый вес"
Отопление,0.99,"Нет тепла по стояку, дом подключён",по всему стояку у нас тепла нету дом уже к теплу подключен а тепла нету мы замерзаем совсем тут
Домофоны,0.72,Электронный замок в подъезде — домофонная система,"надо починить электронный замок
в семнадцатом подъезде нет ниче не хочу дай мне оператора
Зачем Вам Фамилия Оператора Я Поговорю С Оператором"
Электроснабжение,0.95,"Взрыв в электрощитке, аварийная ситуация",Взрыв в щитке Вы долго будете писать или уже пожарную надо звать
Отопление,0.99,Житель жалуется на отсутствие тепла в квартире,"нет тепла в квартире
хочу хочу чтобы было тепло"
НЕЯСНО,1.0,"Житель просит соединить с диспетчером, суть обращения не указана","соедините с диспетчером
соедините с диспетчером"
НЕЯСНО,0.4,Упоминание машины без контекста ЖКХ услуги,"нужна ас машина
уточнить почему машина до сих пор не приехала"
Ремонт,0.6,Упоминание несущей стены между подъездами,стена которые несущие между подъездами
Отопление,0.97,Нет подключения к отопительной системе,нет подключения к отопительной системе
Вентиляция,0.6,Неприятный запах в подъезде и квартире,Запах неприятный в подъезде и в квартире
НЕЯСНО,0.95,"Житель просит соединить с оператором, суть обращения не указана","пусть перезвонит оператор
перевести на оператора"
Крыша,0.97,Вода льёт с крыши на пятый этаж,"значит с крыши фонтаном вода льет на пятый этаж
Адреса Достаточно <ADDR>"
НЕЯСНО,0.95,"Текст бессвязный, суть обращения непонятна",ска скатывают это э а озон
Водоснабжение,0.7,"Затопление квартиры, источник воды не уточнён",Ночью был вызов что затопляет квартиру
НЕЯСНО,0.95,"Житель ругается, суть обращения не указана","записывайте по записывайте повнимательней заявку от какого дома вам дается заявка записались значит опять шесть или я не знаю что дом шесть а еще раз говорю до свидания
Нет Имя И Фамилию Называть Не Буду Я Не На Приеме У Следователя"
Водоотведение,0.72,упоминание канализационного люка под окном,ну знаете у меня под окошком канонизационный люк
Отопление,0.97,Нет тепла по стояку в квартирах,по стояку в наших квартирах нет тепла
Крыша,0.97,Течь крыши во время дождей,Когда шли дожди у нас текла крыша
Отопление,0.99,Житель сообщает об отсутствии тепла,нет тепла в комнатах
НЕЯСНО,0.95,"Житель упоминает заявку, суть проблемы не указана",я вам вчера оставляла заявку
Отопление,0.99,Житель сообщает об отсутствии тепла в квартире,Нет в квартире нет тепла
Водоотведение,0.82,"Затоплен подвал, возможна авария водоотведения",в доме это в подвал весь полностью затоплен <ADDR>
НЕЯСНО,0.95,"Только номер квартиры, суть обращения отсутствует",а квартира <ADDR>
Отопление,0.97,Нет тепла по стояку в доме,нет тепла в доме тепло есть по нашему стояку нет тепла
Отопление,0.85,Житель жалуется на отсутствие тепла,В одной из комнат большой меч оплате вообще безобразие вообще нет тепла
Отопление,0.97,Житель сообщает об отсутствии тепла в доме,нет тепла по всему дому
Водоотведение,0.72,"Залив соседей — утечка воды, водоотведение",у нас мы мы залили соседей
Уборка уличная,0.92,Просьба почистить двор на улице,надо почистить двор поповича от комсомольской до нашего дома прочистили
Уборка уличная,0.55,Упоминание двора и снега — уборка территории,во дворе оплатить здесь снег
Крыша,0.97,Течёт кровля в подъезде — протечка крыши,записывайте срочно течет кровля в 4 подъезде
ГВС,0.72,"Колонка — водонагреватель, замёрзла горячая вода",у нас замерзла колонка
НЕЯСНО,0.95,"Житель просит оператора, суть обращения неясна",оператору пожалуйста дай трубочку
НЕЯСНО,0.4,"Неясно что именно течёт, контекст недостаточен",ну у меня течет еще с осени я два раза
НЕЯСНО,0.95,"Житель ожидает оператора, суть обращения не указана","хочу диспетчера поговорить
жду оператора"
Электроснабжение,0.82,Запрос ключа доступа к электросчётчику,нужен ключ для доступа к электросчетчикусо созвонились дан тел <NAME>
НЕЯСНО,0.95,"Житель просит конкретного человека, нет сути обращения","телефончику
мне нужна <NAME> ее голос живой"
ГВС,0.85,Течь полотенцесушителя — элемент системы ГВС,Течь полотенцесушителя в помещении библиотеки
НЕЯСНО,0.2,"Текст неразборчив, суть обращения непонятна",возможно дышать зашипела все вообще квартира шипит опять это скачивает этот скачивание опять этого мобильного приложения озон сто восемь они опять подключили подпалы под этот подоконник
НЕЯСНО,0.9,Просьба отменить заявку без указания сути,"отменить заявку
отменить заявку"
Электроснабжение,0.85,Замена электросчётчика и автоматического выключателя,замена электросчетчика пакет пакетник
Уборка уличная,0.85,Просьба об уборке придомовой территории,нужна чистка при домовой территории    Заявка передана
Отопление,0.95,Житель жалуется на отсутствие тепла,у вас случилось вы нихрена не делаете у меня тепла до сих пор нету
Ремонт,0.85,"Ремонт после затопления, оценка стоимости работ","Требуется сделать ремонт за счет  виновника затопления (кв. <ADDR>)
24.03.2026 собственником кв. <ADDR> был пробит стояк ливневой канализации и произошло подтопление 16 этажа."
Уборка уличная,0.85,Просьба скалывать лёд около подъезда,"у четвертого подъезда у подвала налить нужно сколоть и сколоть лед около подъездов /2 под/ -заявка от кв,<ADDR>"
Уборка уличная,0.82,"Погрузчик чистит двор, завалена ливнёвка снегом",сейчас погрузчик чистит наш двор с декабря месяца он заваливал левневку
НЕЯСНО,0.95,Текст не содержит конкретной проблемы или сути обращения,и что я так и буду два дня это самое
Крыша,0.85,"Работы на крыше, установка оголовка",установить на крыше.прикрутить оголовок.валяется на крыше.
Крыша,0.97,"Течёт крыша, вода попадает в комнату",крыша течет по окну прямо все в комнату
Иное,0.95,Житель хочет отменить существующую заявку,мне нужно отменить заявку номер сорок пять шестьсот шестьдесят три
Электроснабжение,0.95,"Пропало напряжение в сети, низкое напряжение",пропало напряжение в сети сто двадцать вольт всего сто двадцать
Отопление,0.95,Житель сообщает об отсутствии тепла в квартире,так случилось нам тепло надо дать во всех домах есть тепло у нас у меня в тридцать третий и в нашей нет тепла
НЕЯСНО,0.4,Непонятно откуда исходит громкий звук,очень большой звук стоит на полдома
Отопление,0.97,"Подали тепло на час, снова отключили","тепло дали на один час и опять вырубили
да я уже устала звонить сколько можно"
НЕЯСНО,0.2,Слишком мало информации для определения категории,внизу на северной стороне открыт
Отопление,0.85,Житель спрашивает когда дадут тепло,"хочется узнать когда нам дадут тепло дело в том что у нас тут дом то ремонтируют
тепло будет вся заявка"
НЕЯСНО,0.85,Житель не описал конкретную проблему или суть обращения,у меня ничего не случилось в подъезде
НЕЯСНО,0.95,"Житель просит соединить с диспетчером, суть обращения не указана","с диспетчером соедините пожалуйста
хочу диспетчера услышать"
НЕЯСНО,0.95,"Житель упоминает заявку, суть проблемы не указана","да
так заявка уже есть девушка"
Водоотведение,0.95,Запах канализации из ванны,ванна воняет невозможно канализационными стоками
